className,fileName,verticeNumber,faceNumber,bounding_box_volume
satellite_dish,m1812.off,731,1430,0.08674529447852548
satellite_dish,m1814.off,944,1756,0.598436699673872
satellite_dish,m1813.off,773,1472,0.43237646125812235
fireplace,m1800.off,720,1418,0.5039622732185999
sink,m1807.off,5930,11832,0.1913877341685203
sink,m1809.off,15277,26946,0.2784781688589124
sink,m1808.off,3823,7250,0.5660709374779319
slot_machine,m1806.off,143,190,0.3667533437701218
fireplace,m1801.off,1146,2046,0.22981733680750024
satellite_dish,m1811.off,453,1358,0.4363067052221913
sink,m1810.off,671,1068,0.20579468703346973
slot_machine,m1804.off,400,778,0.29810866932360003
slot_machine,m1803.off,670,1209,0.5595389763158999
slot_machine,m1805.off,1336,2450,0.2506448231635614
plant,m995.off,7248,8448,0.5199332426200202
plant,m961.off,6513,9427,0.416831490836531
cabinet,m959.off,863,1712,0.0698190554749591
plant,m966.off,7920,5280,0.3464633696310288
plant,m992.off,491,644,0.3221262248137351
bed,m950.off,437,724,0.6111394357337492
plant,m968.off,9018,11712,0.3022226496541308
table,m904.off,128,152,0.13786675737594994
table,m932.off,10835,20594,0.5364213384094585
table,m935.off,128,241,0.6868580356258545
plant,m969.off,9748,4697,0.4873651199937329
cabinet,m956.off,136,206,0.5354127435144787
bed,m951.off,363,572,0.37577867439762497
plant,m993.off,218,320,0.038846552634591226
plant,m967.off,12982,16912,0.07112815597415487
cabinet,m960.off,1818,3528,0.100189714702768
plant,m994.off,395,454,0.38737974627890526
table,m934.off,148,276,0.7115363384690055
table,m902.off,198,372,0.2231350407565516
table,m920.off,426,736,0.5882549149999999
table,m927.off,201,366,0.2973401863871156
table,m929.off,444,752,0.47580756293232357
table,m942.off,200,300,0.3458568245601163
plant,m989.off,1027,1024,0.3456898719117788
bed,m945.off,8112,15659,0.5355087523363999
plant,m987.off,850,982,0.16443686472652427
plant,m973.off,15489,24673,0.2742960380470703
plant,m974.off,351,388,0.05339363781209438
plant,m980.off,8937,16007,0.13487290940740265
table,m928.off,463,752,0.6901609165778415
table,m910.off,352,1136,0.36487373784479993
table,m926.off,218,408,0.6786139891992619
table,m921.off,1921,3680,0.4006224164802715
plant,m981.off,927,2200,0.07889869825746289
plant,m975.off,241,460,0.08015086357203835
plant,m972.off,14382,15625,0.2427657619783154
plant,m986.off,6656,13512,0.1326787156049931
bed,m944.off,137,164,0.19226947207719994
table,m943.off,232,258,0.4242024038839038
plant,m988.off,3093,6000,0.03858167243253979
table,m907.off,158,214,0.18060279460238063
table,m938.off,422,840,0.6875730979092967
table,m900.off,288,348,0.20083742160912393
table,m909.off,1586,3048,0.2699627205685498
plant,m965.off,13868,22999,0.2384526839875551
plant,m991.off,4867,6370,0.5380423182891506
plant,m996.off,623,1129,0.24670544729318997
plant,m962.off,15136,19104,0.5801209119390334
cabinet,m954.off,146,254,0.3821520423354363
plant,m998.off,318,478,0.20182045006088623
cabinet,m953.off,195,334,0.17563308896647586
table,m930.off,501,978,0.36043523583326115
table,m908.off,288,348,0.16061172062063842
table,m901.off,190,360,0.4982884684958332
table,m906.off,178,312,0.1409070241119144
table,m939.off,398,604,0.25786831816370653
plant,m999.off,1235,1277,0.27104784595706294
cabinet,m952.off,308,580,0.3936925721109498
cabinet,m955.off,136,206,0.590331452970398
plant,m963.off,11548,15008,0.46867356645446206
plant,m997.off,695,723,0.5175720933221468
plant,m990.off,491,644,0.37406163599242864
plant,m964.off,13950,18851,0.2770421117351288
bed,m946.off,449,644,0.2090837659277049
plant,m979.off,1236,1070,0.16433071391073095
table,m941.off,408,824,0.22214452466939852
plant,m977.off,1506,3044,0.2355207874897585
bed,m948.off,4597,9038,0.7725018592632
plant,m984.off,849,982,0.16598223731824333
plant,m970.off,1416,2292,0.14706379093998811
table,m924.off,215,408,0.2755516139557968
table,m923.off,201,366,0.4520744365673357
plant,m971.off,3672,3676,0.2672399430572065
plant,m985.off,50833,88945,0.04717132051853056
plant,m982.off,332,600,0.08960460488160399
plant,m976.off,1272,1889,0.3049471938013526
bed,m949.off,706,1388,0.41131999850409984
table,m940.off,416,652,0.39571200699643316
bed,m947.off,441,584,0.2784004501525423
plant,m978.off,3411,3966,0.13289169528958059
table,m913.off,104,188,0.5498220124365403
table,m914.off,576,956,0.08876196119294995
table,m925.off,216,408,0.48110919678471664
arthropod,m8.off,423,698,0.3064867030888052
flying_creature,m38.off,464,930,0.03734152757438866
arthropod,m1.off,255,410,0.12565811015633518
flying_creature,m31.off,1802,3548,0.18398172870755267
flying_creature,m36.off,1289,2531,0.37883594355488853
arthropod,m6.off,9184,17998,0.3895632200788417
underwater_creature,m62.off,241,478,0.060797469612898704
quadruped,m96.off,5169,10061,0.11943035564562511
quadruped,m91.off,1614,3169,0.23529390613803566
underwater_creature,m65.off,1004,1930,0.15975251988912464
quadruped,m98.off,4195,8236,0.12022267227161298
underwater_creature,m53.off,18409,35270,0.03642694382096379
underwater_creature,m54.off,18143,34598,0.05840639887588279
arthropod,m7.off,265,506,0.22081827944031124
flying_creature,m37.off,567,1130,0.20692754781079142
flying_creature,m30.off,390,800,0.11558527376505141
arthropod,m0.off,298,492,0.26954854766032055
flying_creature,m39.off,649,1156,0.09680547517039627
arthropod,m9.off,557,902,0.3151122889465658
underwater_creature,m55.off,19505,37531,0.05172511576435031
quadruped,m99.off,1450,2888,0.14223039993989103
flying_creature,m52.off,294,578,0.24769111956540144
underwater_creature,m64.off,247,444,0.06679456210611692
quadruped,m90.off,1783,3526,0.23886827039500746
quadruped,m97.off,3601,7083,0.1254070156320378
underwater_creature,m63.off,1112,1792,0.28233004905681525
flying_creature,m41.off,1824,3709,0.04828934494279159
flying_creature,m46.off,515,1094,0.1380328568618818
underwater_creature,m79.off,158,226,0.04052979378825736
underwater_creature,m70.off,320,560,0.09196765680982719
snake,m84.off,2777,5263,0.0021472391423102855
underwater_creature,m77.off,11578,23022,0.15490548836978807
flying_creature,m48.off,427,824,0.15651621873517485
arthropod,m23.off,462,878,0.1492781189313574
arthropod,m24.off,163,284,0.31883632812499985
arthropod,m12.off,278,500,0.1648082873842789
arthropod,m15.off,368,724,0.03627773199160034
underwater_creature,m76.off,1583,3164,0.10440420047059872
snake,m82.off,4144,8276,0.3937221485591235
flying_creature,m49.off,2324,4372,0.46448697553022195
snake,m85.off,1981,3907,0.20509179440545158
underwater_creature,m71.off,420,836,0.09316676661954323
flying_creature,m47.off,101,165,0.05677967065399075
underwater_creature,m78.off,468,734,0.11364767635668652
flying_creature,m40.off,2684,5390,0.06120126903056009
arthropod,m14.off,891,1681,0.1743990967371094
arthropod,m13.off,491,1125,0.06580509647041195
arthropod,m25.off,1249,2494,0.35941178538869983
arthropod,m22.off,333,620,0.25279146837500005
quadruped,m92.off,1971,3888,0.2556449159251623
underwater_creature,m66.off,4116,8198,0.16150804151669743
underwater_creature,m61.off,216,338,0.05852057470718146
quadruped,m95.off,956,1908,0.08430148571278993
underwater_creature,m68.off,553,1098,0.038269269953335225
underwater_creature,m57.off,18878,36468,0.04037667729595411
flying_creature,m35.off,699,1394,0.3657617163196551
arthropod,m5.off,4710,8773,0.2407654159654882
arthropod,m2.off,3495,6667,0.24518672209813053
flying_creature,m32.off,1129,2246,0.200057877071186
flying_creature,m51.off,309,598,0.17183647836715482
underwater_creature,m69.off,316,568,0.07135289813565197
underwater_creature,m56.off,5814,10950,0.045107076363461555
quadruped,m94.off,3332,6328,8.27400813511017e+24
underwater_creature,m60.off,1606,3208,0.09572147781828852
underwater_creature,m58.off,477,950,0.1597923074625362
underwater_creature,m67.off,14000,27996,0.061953714712991104
quadruped,m93.off,278,464,0.15896904391351763
flying_creature,m33.off,3144,6164,0.2745323448703536
arthropod,m3.off,486,912,0.4297089778441356
arthropod,m4.off,4346,8216,0.1512994105919641
flying_creature,m34.off,233,462,0.09628688214634062
arthropod,m18.off,4250,8324,0.2775950459632702
flying_creature,m27.off,341,1024,0.711126985560611
arthropod,m20.off,1624,3042,0.3224034232142866
flying_creature,m29.off,2972,5878,0.1898869094474059
arthropod,m16.off,2666,5162,0.1500660496588571
arthropod,m11.off,368,724,0.03029785453387543
flying_creature,m45.off,16542,33072,0.09168961652748765
flying_creature,m42.off,116,265,0.06764081394192736
quadruped,m89.off,12515,25030,0.2595403945584835
underwater_creature,m80.off,1104,2104,0.08585864661907501
underwater_creature,m74.off,162,336,0.07671115960670741
underwater_creature,m73.off,285,564,0.17616400435236254
quadruped,m87.off,691,1331,0.20351599108336482
arthropod,m10.off,1362,2628,0.145294982947116
flying_creature,m28.off,6058,11660,0.21430792462136963
arthropod,m17.off,1548,3000,0.16081871572889997
arthropod,m21.off,346,556,0.38088452401924994
arthropod,m19.off,3334,5490,0.1788987990165558
arthropod,m26.off,5266,10274,0.27172824562703785
quadruped,m86.off,176,245,0.0862320409625056
underwater_creature,m72.off,331,590,0.08724384512768803
underwater_creature,m75.off,298,512,0.10743662279516315
underwater_creature,m81.off,857,1673,0.07270813742462136
quadruped,m88.off,1618,3220,0.11337522837443813
flying_creature,m44.off,401,798,0.08173143881319156
winged_vehicle,m1153.off,740,1478,0.16785685756121496
winged_vehicle,m1198.off,223,462,0.1122000740107095
winged_vehicle,m1154.off,520,1000,0.12627640324173078
winged_vehicle,m1196.off,523,804,0.1081399066130362
winged_vehicle,m1162.off,2868,5706,0.10945012310681305
winged_vehicle,m1165.off,448,768,0.1164435447800511
winged_vehicle,m1191.off,1295,2444,0.08610675407706936
winged_vehicle,m1131.off,482,768,0.10918115198829784
handheld,m1109.off,1490,2891,0.07025098554863285
winged_vehicle,m1136.off,904,1628,0.10220356590462365
handheld,m1100.off,232,452,0.02862207367174126
winged_vehicle,m1138.off,2050,3586,0.22437945244802557
handheld,m1107.off,1116,2199,0.018294135166122903
winged_vehicle,m1190.off,142,318,0.12754073835426427
winged_vehicle,m1164.off,272,620,0.10867243738610752
winged_vehicle,m1163.off,1013,2778,0.1308650676287043
winged_vehicle,m1197.off,235,484,0.11593185256053025
winged_vehicle,m1155.off,3680,5798,0.0855933618067085
winged_vehicle,m1152.off,3726,6881,0.16403451893894916
winged_vehicle,m1199.off,602,1146,0.07408918809577168
winged_vehicle,m1139.off,2920,4234,0.1394731278148075
handheld,m1106.off,1899,4076,0.014201060673840787
handheld,m1101.off,135,262,0.00555810606348624
handheld,m1108.off,2186,3756,0.02158164792865739
winged_vehicle,m1137.off,408,524,0.06369408080636647
winged_vehicle,m1130.off,2295,4520,0.31319788391334863
handheld,m1112.off,316,621,0.03506613736612598
handheld,m1115.off,1284,2314,0.010960208742461954
winged_vehicle,m1123.off,1015,1756,0.17159283334772293
winged_vehicle,m1124.off,390,572,0.12113710159605962
winged_vehicle,m1184.off,182,382,0.09195177919128548
winged_vehicle,m1170.off,4427,7591,0.09607072709909975
winged_vehicle,m1148.off,6233,11365,0.11565522074107437
winged_vehicle,m1177.off,507,1010,0.15012025538623644
winged_vehicle,m1183.off,520,780,0.14602729001594983
winged_vehicle,m1141.off,11819,23138,0.16047766901776653
winged_vehicle,m1179.off,1203,2082,0.08227327217772674
winged_vehicle,m1146.off,1700,3016,0.138774421884913
winged_vehicle,m1125.off,434,656,0.18313016488893716
winged_vehicle,m1122.off,6704,11577,0.22639035273096342
handheld,m1114.off,1295,2356,0.008234243749834563
handheld,m1113.off,2042,4076,0.008329603715699718
winged_vehicle,m1178.off,258,572,0.07089471928929786
winged_vehicle,m1147.off,1149,2320,0.14630365917804067
winged_vehicle,m1140.off,13908,27087,0.2581724074241337
winged_vehicle,m1149.off,3003,5874,0.11456052237083561
winged_vehicle,m1182.off,179,354,0.16185387865916465
winged_vehicle,m1176.off,213,642,0.10178695367011335
winged_vehicle,m1171.off,3110,5622,0.13481650050385155
winged_vehicle,m1185.off,152,338,0.07175397771123711
winged_vehicle,m1135.off,264,360,0.07618584183913465
winged_vehicle,m1132.off,882,1428,0.10647617766259679
handheld,m1104.off,362,708,0.011261182511113478
handheld,m1103.off,178,330,0.007662029922136136
winged_vehicle,m1157.off,1264,2088,0.07798940100452907
winged_vehicle,m1168.off,500,1106,0.11073399830768577
winged_vehicle,m1150.off,618,1228,0.07773608583662771
winged_vehicle,m1166.off,349,772,0.10717605972546235
winged_vehicle,m1192.off,242,517,0.0881909957985122
winged_vehicle,m1159.off,3726,6881,0.16403451893894916
winged_vehicle,m1195.off,340,460,0.10586833570658924
winged_vehicle,m1161.off,1486,1692,0.14916110325619789
handheld,m1105.off,1550,3092,0.017567515890090656
winged_vehicle,m1133.off,624,1024,0.1911574361998484
winged_vehicle,m1134.off,338,512,0.05768570938750823
winged_vehicle,m1160.off,13568,24430,0.07643610903886072
winged_vehicle,m1194.off,757,1188,0.12195577352267746
winged_vehicle,m1193.off,1019,2030,0.08000307703976585
winged_vehicle,m1167.off,2838,3992,0.12626877122587873
winged_vehicle,m1158.off,336,608,0.1689790093533644
winged_vehicle,m1151.off,856,1660,0.12208617542512083
winged_vehicle,m1156.off,1333,2472,0.07539825873924509
winged_vehicle,m1169.off,1198,2237,0.13594266545057324
winged_vehicle,m1174.off,281,552,0.0893645749499109
winged_vehicle,m1180.off,531,1058,0.10760698484852883
winged_vehicle,m1187.off,299,596,0.11955749541864183
winged_vehicle,m1173.off,2572,4856,0.15411873977585114
winged_vehicle,m1145.off,37609,73748,0.11987549418449418
winged_vehicle,m1189.off,247,578,0.12061283987189893
winged_vehicle,m1142.off,1322,2498,0.092021341804
handheld,m1116.off,1155,2234,0.007586844629023458
winged_vehicle,m1129.off,3351,6272,0.1583156424711691
handheld,m1111.off,523,1038,0.05528524658257442
winged_vehicle,m1127.off,354,520,0.14433930098288514
winged_vehicle,m1118.off,10676,20408,0.0960834570822878
winged_vehicle,m1120.off,65698,129881,0.2259341713285074
winged_vehicle,m1188.off,279,538,0.11877841253770792
winged_vehicle,m1143.off,3336,6574,0.08414051193824998
winged_vehicle,m1144.off,3627,6736,0.15378973024941636
winged_vehicle,m1172.off,1965,4928,0.10814049384664862
winged_vehicle,m1186.off,728,1454,0.0752291504760389
winged_vehicle,m1181.off,410,816,0.11935466499950285
winged_vehicle,m1175.off,2344,4592,0.1424093791814086
winged_vehicle,m1121.off,1062,1913,0.20568397766054095
winged_vehicle,m1126.off,770,1316,0.13920242249639483
winged_vehicle,m1119.off,863,1550,0.2308934125079375
handheld,m1110.off,850,1687,0.04200650387318969
handheld,m1117.off,1720,3424,0.020397545992233514
winged_vehicle,m1128.off,718,1232,0.1405432374054647
wheel,m734.off,1396,1816,0.1605875290469345
wheel,m733.off,644,1296,0.37118118733019595
handheld,m705.off,7910,15768,0.0270946090225919
blade,m702.off,1005,2000,0.009079577548315282
seat,m769.off,380,704,0.24009856273245148
handheld,m756.off,300,600,0.10560910529967374
handheld,m751.off,1442,2817,0.07456092423639585
handheld,m758.off,104,400,0.1363457458073336
seat,m767.off,2695,5188,0.23833446175388934
seat,m794.off,678,1232,0.4185203708832185
handheld,m703.off,588,1100,0.0023454300568950003
blade,m704.off,408,812,0.0017382161669526862
handheld,m732.off,1088,2152,0.012106149073961979
wheel,m735.off,720,1400,0.0796881196852593
handheld,m761.off,104,210,0.25385769128536806
seat,m795.off,3018,5984,0.17069788982232137
handheld,m759.off,118,232,0.09776244147976158
seat,m792.off,2413,4782,0.3675245699869666
table,m766.off,441,1220,0.24698963159518927
handheld,m750.off,472,948,0.07546323490297074
seat,m768.off,603,1158,0.3455687661120921
handheld,m757.off,149,256,0.26103390320930003
seat,m775.off,545,961,0.20878315104167403
seat,m781.off,352,508,0.2443522893272999
seat,m786.off,641,1246,0.5237642855493603
seat,m772.off,136,204,0.3179020348796112
wheel,m744.off,3721,7442,0.35018510969617467
wheel,m743.off,512,1020,0.07791018259042985
seat,m788.off,320,612,0.08831315280755081
blade,m728.off,463,818,0.027316022090181535
handheld,m717.off,18888,37283,0.0037272308793611336
blade,m710.off,10936,21764,0.009792527655117275
handheld,m719.off,624,1228,0.02041492133058018
blade,m726.off,417,817,0.010716187038175942
handheld,m721.off,275,530,0.011764786337099997
wheel,m742.off,256,508,0.15849763756225055
seat,m789.off,2446,4808,0.17536232574028363
wheel,m745.off,830,1660,0.452362948492735
seat,m773.off,136,204,0.31790185935401616
seat,m787.off,1373,2678,0.1514751845004
seat,m780.off,312,468,0.5064921716702672
seat,m774.off,264,448,0.42261034033128625
handheld,m720.off,318,678,0.0067262082492498595
handheld,m718.off,337,738,0.0067705284754529535
blade,m727.off,681,1346,0.022034003614560378
handheld,m711.off,9445,17701,0.005833250885113566
handheld,m729.off,1780,3508,0.009549428309631736
blade,m716.off,4757,9573,0.01217558063411867
seat,m799.off,938,1789,0.3736791983097874
handheld,m752.off,378,780,0.09865086254521507
handheld,m755.off,196,400,0.09060141331616856
seat,m797.off,867,1719,0.3336351151083757
table,m763.off,116,136,0.5544993426052099
seat,m790.off,2912,5694,0.3795080080374977
handheld,m730.off,9064,18714,0.025602399858989024
wheel,m737.off,3782,7110,0.4626874972740735
blade,m708.off,1866,3668,0.01491708569640207
handheld,m701.off,960,1900,0.004941876952975183
blade,m706.off,3162,9347,0.01478683676146812
wheel,m739.off,794,1624,0.34807789317769916
seat,m791.off,2288,4508,0.2243160263946499
table,m765.off,1005,1726,0.22162149937185036
seat,m796.off,12172,24253,0.42992218258028053
handheld,m754.off,538,1252,0.10880993704709097
seat,m798.off,369,599,0.32114868124271123
handheld,m753.off,1068,2105,0.10825645392364926
handheld,m707.off,4325,8628,0.009170188467567909
wheel,m738.off,413,700,0.42002970759652114
blade,m700.off,800,1504,0.011907515893763859
wheel,m736.off,504,972,0.18800495797862715
handheld,m709.off,6595,13168,0.00993817146644834
handheld,m731.off,782,1560,0.015100137934044631
handheld,m713.off,1023,2000,0.008345677683599995
blade,m714.off,526,1036,0.006645813022772036
handheld,m722.off,812,1520,0.00967960690956
blade,m725.off,262,516,0.014289371736130605
seat,m785.off,960,1788,0.275329301026769
seat,m771.off,136,204,0.31790185935401627
seat,m776.off,869,1912,0.07587985119671106
wheel,m749.off,160,315,0.0995535444330737
wheel,m740.off,4352,7556,0.4047549977600248
wheel,m747.off,128,252,0.11380826137758328
handheld,m724.off,262,516,0.009639149816659752
handheld,m723.off,5076,10136,0.01796981180478888
handheld,m715.off,5479,11655,0.028581410165384367
blade,m712.off,4876,9314,0.005432254419792083
seat,m779.off,660,1268,0.06772831009630169
wheel,m741.off,722,1422,0.7432035889939892
seat,m777.off,1045,1860,0.060473609786896206
wheel,m748.off,1247,2490,0.3125492949439607
seat,m770.off,464,556,0.2738278894561
chess_piece,m1614.off,390,776,0.15801922555101583
chess_piece,m1613.off,282,560,0.13745426485749995
dragon,m1625.off,672,1027,0.28133546535583154
dragon,m1622.off,1054,2130,0.5896058089250338
city,m1649.off,3153,3119,0.1880173943870338
sign,m1676.off,4031,8034,0.005710649788067596
sign,m1682.off,4492,8804,0.1751353448719851
sign,m1685.off,760,1344,0.20820472116195954
sign,m1671.off,119,113,0.015032008632231688
sign,m1678.off,628,1022,0.0035713081986949984
city,m1647.off,5138,9152,0.1976261782375425
hat,m1640.off,1002,2000,0.4232979268219958
dragon,m1623.off,21006,40348,0.5147036194528545
dragon,m1624.off,50184,100400,0.24192318469983543
chess_piece,m1612.off,1282,2600,0.14435666811989248
handheld,m1615.off,11922,22842,0.04793093355396101
hat,m1641.off,1256,2500,0.3763071395347848
sign,m1679.off,417,786,0.007256156779192737
city,m1646.off,6529,10335,0.16421824737279997
sign,m1670.off,221,217,0.01281542094275349
city,m1648.off,6615,7853,0.12010045819623476
sign,m1683.off,3000,5896,0.2996964104907354
sign,m1677.off,152,290,0.023355422552490537
city,m1655.off,14710,16111,0.1880173943870338
city,m1652.off,2273,3112,0.09260671817433416
chest,m1699.off,8130,15324,0.2686162326447914
city,m1664.off,1049,1948,0.1562149139913909
geographic_map,m1690.off,258,422,0.05615813847336544
geographic_map,m1697.off,293,484,0.03933540642139721
city,m1663.off,1636,1767,0.2544924411702201
chess_piece,m1608.off,242,480,0.5672713873899999
hat,m1637.off,1002,2000,0.47198120986581843
hat,m1630.off,562,1120,0.32491640796873505
hat,m1639.off,2029,4000,0.46303894533837797
chess_piece,m1606.off,2386,4750,0.3335684971667447
chess_piece,m1601.off,6727,13450,0.26710868122135656
city,m1662.off,9201,17394,0.047112704340415854
geographic_map,m1696.off,2449,5010,0.0014050802787747415
geographic_map,m1691.off,2628,5232,0.01073371052422125
city,m1665.off,7089,13409,0.06378332479465501
city,m1653.off,26064,35805,0.0430987293186669
chest,m1698.off,1384,2632,0.39048492963533593
city,m1654.off,5535,9290,0.10007182436070917
chess_piece,m1600.off,416,828,0.16620824206669566
hat,m1638.off,8796,17640,0.3335448943764843
chess_piece,m1607.off,802,1600,0.22221704471826
hat,m1631.off,2057,3414,0.3230011228145658
chess_piece,m1609.off,154,304,0.2038305332260799
hat,m1636.off,426,848,0.5912697830375826
geographic_map,m1686.off,2474,4860,0.017103181366431474
sign,m1672.off,231,299,0.043779732784862954
sign,m1681.off,6540,13032,0.011530679353843687
geographic_map,m1688.off,3248,6424,0.0209548460494935
ladder,m1643.off,1800,3544,0.025347897926256205
ladder,m1644.off,653,1201,0.003451885370397483
chess_piece,m1610.off,6094,12192,0.3663326172414797
handheld,m1617.off,912,1788,0.024017107221706788
hat,m1628.off,958,1500,0.38500038400383335
dragon,m1621.off,400,724,0.06374200187638893
hat,m1626.off,117,190,0.18899816546901657
handheld,m1619.off,810,1588,0.05797408375049036
ladder,m1645.off,861,1734,0.023654090032307402
geographic_map,m1689.off,316,624,0.06731393451663843
ladder,m1642.off,238,360,0.019066625373210237
sign,m1680.off,360,708,0.00849992161487707
geographic_map,m1687.off,237,393,0.07201091919068738
hat,m1627.off,1009,1998,0.20198844411907868
handheld,m1618.off,23584,46784,0.03888757242129941
dragon,m1620.off,301,888,0.45363354778016834
handheld,m1616.off,8482,16820,0.05112047577918157
hat,m1629.off,2388,4284,0.19677878178401706
chess_piece,m1611.off,1474,2944,0.22481812508475602
hat,m1633.off,1400,2653,0.35882433285540405
hat,m1634.off,5814,11562,0.5409809094136756
chess_piece,m1602.off,1542,3080,0.1249949335434018
city,m1651.off,1273,1337,0.24897004753063304
city,m1656.off,9894,17091,0.0466392642973105
handheld,m1669.off,635,1229,0.6050099762241558
geographic_map,m1694.off,560,1104,0.03336343565019031
city,m1660.off,2341,4217,0.03281917499999999
handheld,m1667.off,508,1001,0.15879742493578858
city,m1658.off,16857,16061,0.1198513790949426
chess_piece,m1604.off,214,419,0.12254911934537549
chess_piece,m1603.off,389,772,0.11997794570266924
hat,m1635.off,5071,10190,0.5011261178543814
hat,m1632.off,1264,2574,0.5362735042429307
geographic_map,m1692.off,898,1502,0.003944565056069268
handheld,m1666.off,851,1599,0.3286032113064862
city,m1659.off,5780,10712,0.2888081224999999
city,m1661.off,1335,2022,0.0354704821480575
geographic_map,m1695.off,1718,3384,0.005723301309153303
city,m1657.off,1292,2136,0.08611367924249998
handheld,m1668.off,2718,5266,0.3205602592993
city,m1650.off,5135,5327,0.12347738955556277
musical_instrument,m625.off,3655,7019,0.021332503139024555
lamp,m614.off,336,684,0.3030421596148507
lamp,m613.off,136,200,0.16175209975894092
gun,m678.off,1267,2216,0.007326304073970087
musical_instrument,m647.off,3645,6480,0.18932457769440006
musical_instrument,m640.off,3712,7346,0.05394340324634999
gun,m649.off,1094,1945,0.07131018083716001
gun,m676.off,485,910,0.03724701129989126
gun,m682.off,550,926,0.014547248665133246
gun,m685.off,280,550,0.04650326918279132
gun,m671.off,1190,2302,0.010134496918365453
lamp,m612.off,437,1106,0.5458089867106958
lamp,m615.off,2685,5410,0.1416818598197133
gun,m670.off,3285,6538,0.012713797926573409
gun,m684.off,27878,55745,0.13188768109597845
handheld,m648.off,1238,2428,0.054387707752539996
gun,m683.off,502,932,0.009609510064258095
gun,m677.off,3327,6623,0.002966825743612331
musical_instrument,m641.off,1864,3600,0.02747100657466277
gun,m679.off,2003,3774,0.010044573917749608
musical_instrument,m646.off,227,360,0.4106103198917926
handheld,m664.off,4651,9270,0.11190346332822235
blade,m690.off,180,374,0.015551157597193317
handheld,m697.off,526,1036,0.006645813022772036
gun,m663.off,502,922,0.05795477335936756
gun,m655.off,364,704,0.06275174598509634
handheld,m652.off,4950,10200,0.10776455356720581
handheld,m699.off,557,1112,0.02745677950648078
musical_instrument,m639.off,23186,45776,0.04391789826266545
handheld,m601.off,9570,16036,0.6705670478691476
lamp,m608.off,699,1314,0.5459426089908227
musical_instrument,m637.off,8636,16931,0.0139246984696972
musical_instrument,m630.off,4694,9011,0.031993390913056176
gun,m653.off,2162,4300,0.05375825267720925
blade,m698.off,3947,7507,0.018562468115763238
handheld,m654.off,1064,2088,0.0451195018936343
handheld,m662.off,460,828,0.09608892278118149
blade,m696.off,5479,11655,0.028581410165384367
handheld,m691.off,8582,16488,0.016199057300499958
gun,m665.off,1847,3500,0.10000199179177097
musical_instrument,m631.off,45560,93412,0.02998613813326976
lamp,m609.off,1137,2234,0.07600601296759427
musical_instrument,m636.off,8889,17465,0.018226778459088006
handheld,m600.off,30530,59640,0.3288331767464293
musical_instrument,m638.off,3884,7584,0.023768377856222392
lamp,m607.off,901,1709,0.21046347154367995
blade,m688.off,1977,3938,0.008128382270828407
musical_instrument,m643.off,1331,2392,0.4578833012425795
musical_instrument,m644.off,20110,39589,0.3292376126971263
gun,m686.off,879,1721,0.016076138706367985
gun,m672.off,140,252,0.008858042630492684
gun,m675.off,438,640,0.017821861124874293
gun,m681.off,630,1160,0.01186106575537522
lamp,m621.off,778,1528,0.013571460152550004
musical_instrument,m626.off,4498,8660,0.017761061887588695
lamp,m619.off,361,696,0.02071330551372334
lamp,m610.off,4151,8478,0.2867339059359369
lamp,m617.off,4440,8828,0.13128296133409378
musical_instrument,m628.off,10222,20186,0.012413706331226727
gun,m680.off,2823,5500,0.0021145585901621113
gun,m674.off,7722,15199,0.009553930785672213
gun,m673.off,2874,5958,0.06557094682969607
handheld,m687.off,800,1504,0.01714678632217876
musical_instrument,m645.off,362,266,0.4061301371966106
handheld,m689.off,178,364,0.035729686870215695
musical_instrument,m642.off,494,1104,0.4941280537147999
lamp,m616.off,14091,28358,0.2650755345136349
musical_instrument,m629.off,8225,16090,0.008812687843371135
musical_instrument,m627.off,7440,13529,0.020831996877102882
lamp,m618.off,1622,3232,0.010902584204458573
lamp,m620.off,5584,11058,0.007912166882318494
handheld,m602.off,5391,10766,0.2145796926943151
lamp,m605.off,531,1300,0.20696841615840217
musical_instrument,m633.off,524,1728,0.023600342454618842
musical_instrument,m634.off,1370,2253,0.015389678026105786
blade,m694.off,2903,5667,0.02306234772233283
handheld,m660.off,1085,3260,0.04917737243490153
gun,m667.off,767,1500,0.03385468112908329
handheld,m693.off,196,259,0.007397049575486606
handheld,m658.off,293,560,0.09278255331334806
handheld,m656.off,15636,31098,0.07379436152311371
gun,m669.off,1070,1832,0.006848425693943274
musical_instrument,m635.off,13703,25330,0.022838886022014088
musical_instrument,m632.off,1033,1934,0.027126007849739023
lamp,m604.off,1316,2333,0.0735716563444365
lamp,m603.off,166,328,0.3377696961683629
gun,m657.off,18283,36520,0.1392712859260464
gun,m668.off,1414,2538,0.01678570085304484
handheld,m650.off,1460,2464,0.07953160601567776
blade,m692.off,3694,12652,0.008714954022531777
handheld,m666.off,13366,26860,0.14278486737630577
gun,m659.off,1181,2291,0.03713656648616251
gun,m661.off,370,668,0.04656434189822992
handheld,m695.off,9880,19712,0.015608977920634478
staircase,m1734.off,110,216,0.016936025308520026
staircase,m1733.off,1500,2988,0.2253391226555017
snowman,m1758.off,774,1520,0.25505700668039616
display_device,m1767.off,2591,5109,0.38204103487200003
swingset,m1793.off,206,372,0.4636110453649998
swingset,m1794.off,294,544,0.4804776665772754
handheld,m1760.off,12306,24600,0.10770958020951633
snowman,m1756.off,394,758,0.19357038329971862
handheld,m1751.off,228,284,0.31992477281642906
door,m1732.off,300,575,0.06455219057359998
staircase,m1735.off,559,1022,0.3248398039072827
chest,m1703.off,156,276,0.5940115501046047
chest,m1704.off,3884,7638,0.5461226671774999
handheld,m1750.off,228,356,0.31992477281642906
display_device,m1768.off,4269,6365,0.4247614209775038
snowman,m1757.off,564,1118,0.3374598617698573
handheld,m1761.off,378,744,0.08139811039144436
swingset,m1795.off,690,1348,0.39096393655032546
snowman,m1759.off,424,840,0.31158502023972384
shoe,m1744.off,240,476,0.14595346504215617
shoe,m1743.off,287,523,0.14139511607295333
bridge,m1788.off,494,916,0.008208790097042246
display_device,m1775.off,396,760,0.5924942973545964
bridge,m1781.off,15740,24713,0.05876094156974998
bridge,m1786.off,11059,21830,0.0037883395012392805
display_device,m1772.off,17298,34133,0.4365520995764998
door,m1726.off,128,183,0.1169800455121922
door,m1721.off,716,1446,0.05166032291390844
door,m1728.off,2018,3790,0.08513273016149998
door,m1717.off,858,1617,0.042673701668542854
door,m1710.off,522,990,0.0465380228829822
display_device,m1773.off,2503,4217,0.2986494441834264
bridge,m1787.off,28696,29792,0.003854607329999999
bridge,m1780.off,14944,23394,0.052269888822780546
display_device,m1774.off,284,754,0.6859805585216957
shoe,m1742.off,12696,21501,0.18353847025679992
handheld,m1789.off,408,804,0.09728213631344998
shoe,m1745.off,342,684,0.2757033255254279
door,m1729.off,336,564,0.10476693501311621
door,m1716.off,2447,4410,0.0479337753016698
door,m1720.off,716,1328,0.046978694476115496
door,m1718.off,2691,4338,0.04118003859917592
door,m1727.off,3724,7332,0.0651835298083213
fireplace,m1797.off,5712,11756,0.5707540670592364
handheld,m1763.off,562,1060,0.054172029620072094
display_device,m1764.off,668,1092,0.6015136664995109
handheld,m1790.off,1283,2516,0.1640154392866209
fireplace,m1799.off,398,768,0.19101897083599992
handheld,m1752.off,986,1644,0.37183852499757053
snowman,m1755.off,92561,185092,0.4087067721328938
staircase,m1739.off,2128,3886,0.5990548091409006
door,m1730.off,336,564,0.10476693501311621
staircase,m1737.off,17136,29988,0.027905267508382153
snowman,m1754.off,288,564,0.3331339554802247
fireplace,m1798.off,1799,3378,0.4700594256774999
handheld,m1753.off,1177,2118,0.3883628008824481
handheld,m1791.off,194,322,0.13414946879375925
handheld,m1762.off,1128,1707,0.05812297191785
swingset,m1796.off,240,408,0.3535472131745387
staircase,m1736.off,366,684,0.6913274162349496
door,m1731.off,1974,4084,0.09632790364260001
door,m1707.off,456,894,0.11941988433135053
chest,m1700.off,1740,3318,0.38538026724623553
door,m1722.off,1336,2620,0.10420244183999025
door,m1725.off,3198,6406,0.1329845835868788
door,m1713.off,6040,11464,0.0234787148713953
door,m1714.off,871,1772,0.018313790471236376
shoe,m1740.off,1763,3265,0.2110502457713159
shoe,m1747.off,260,698,0.12622641657713704
display_device,m1778.off,5026,9528,0.5929291032786638
bridge,m1785.off,2271,4556,64164595.48139803
display_device,m1771.off,2673,5270,0.21234664864491196
display_device,m1776.off,270,538,0.6889555907720571
bridge,m1782.off,4891,9617,0.037165620133799995
handheld,m1749.off,986,3012,0.3734730812516158
door,m1715.off,676,1314,0.07451552767724998
door,m1712.off,1724,3468,0.02753697288179999
door,m1724.off,124,252,0.030185522302422118
door,m1723.off,128,252,0.0425341682879964
bridge,m1783.off,936,1234,0.061146626731799984
display_device,m1777.off,325,618,0.5847289982920267
display_device,m1770.off,2986,5666,0.3774229158688998
bridge,m1784.off,2641,7017,24933505.945737135
shoe,m1746.off,502,1000,0.19040873130726121
bridge,m1779.off,2448,4704,0.0968556500901351
shoe,m1741.off,1842,3638,0.14706172788636437
human,m196.off,4049,7763,0.05693126685590901
human,m162.off,3581,6988,0.06374860608354366
human,m165.off,506,1748,0.04742373135273063
human,m191.off,124,264,0.08921393
human,m153.off,10332,18860,0.05663739675500564
human,m198.off,4657,19582,0.10404811943809973
human,m154.off,445,730,0.05007229030713806
quadruped,m100.off,606,1208,0.20941431001259955
human,m138.off,7401,14776,0.06515459121280315
quadruped,m107.off,3051,6052,0.18694448088393661
human,m131.off,2012,3012,0.04280292838601998
quadruped,m109.off,1288,2568,0.31531019346573946
human,m136.off,469,869,0.04087871107723508
human,m155.off,1290,2576,0.07817878790755564
human,m152.off,10694,20512,0.059867113047348354
human,m199.off,6540,12936,0.05840882599942432
human,m190.off,1022,1777,0.14583668550891876
human,m164.off,728,1396,0.050944178535500005
human,m163.off,120,208,0.04055113710803708
human,m197.off,2010,3012,0.03537882593230748
quadruped,m108.off,11105,22258,0.2065809116960186
human,m137.off,1636,3254,0.07424715355278853
human,m130.off,1025,1865,0.03894194182200752
human,m139.off,12180,24200,0.10401790011436239
quadruped,m106.off,346,690,0.09702135540296822
quadruped,m101.off,1143,2204,0.24000589654793245
human,m123.off,474,890,0.047389229064264286
human,m124.off,473,862,0.0471130646467145
quadruped,m112.off,7691,15294,0.4872423486981327
skeleton,m115.off,2873,5399,0.21430180556318315
human,m141.off,2012,3012,0.05010438675883938
human,m179.off,10733,21422,0.05435511683567131
human,m146.off,2244,3460,0.06816259434074737
human,m184.off,441,826,0.03408508015934795
human,m170.off,16052,32042,0.03952623435702218
human,m148.off,3964,7707,0.08302131297475426
human,m177.off,116,185,0.07264113831819913
human,m183.off,3618,7124,0.22959134676503742
skeleton,m114.off,2910,5418,0.04492630207153657
skeleton,m113.off,6100,11092,0.04069963781722042
human,m125.off,1250,2500,0.06704996860520757
human,m122.off,443,830,0.053704234197391516
human,m149.off,17338,34666,0.046423208757776516
human,m182.off,11090,22190,0.04721676331944571
human,m176.off,708,1288,0.0652256359839749
human,m171.off,614,1094,0.06858849025626634
human,m185.off,493,919,0.05773391849486391
human,m178.off,14603,29202,0.04797486027502773
human,m147.off,4677,8559,0.058466782604278435
human,m140.off,9060,18110,0.06133593051039092
quadruped,m104.off,233,462,0.1759725641052304
quadruped,m103.off,15752,31432,0.14143544298590535
human,m135.off,497,919,0.05885721010838402
human,m132.off,2537,4049,0.04470885268410759
human,m166.off,476,1698,0.05579171675556129
human,m192.off,450,837,0.044778700165981955
human,m159.off,533,998,0.0447482842709703
human,m195.off,22608,44050,0.08381190193663089
human,m161.off,495,839,0.047740758842221204
human,m157.off,747,1430,0.02394453237032524
human,m168.off,2640,5476,0.053351041902997276
human,m150.off,2001,3012,0.06171004607661642
human,m133.off,2344,4253,0.05394874384436816
human,m134.off,1962,3615,0.026693444807298693
quadruped,m102.off,127,226,0.151975699012019
quadruped,m105.off,146,260,0.19611302647808773
human,m151.off,2996,5954,0.04930464066617141
human,m156.off,16776,33324,0.05849679801353049
human,m169.off,1059,2001,0.046061503444742434
human,m160.off,894,1627,0.11022505473639453
human,m194.off,2244,3460,0.06383770542425356
human,m193.off,8616,17298,0.15426936937263094
human,m167.off,435,856,0.14815383769018986
human,m158.off,521,935,0.06492549975252954
human,m145.off,12758,25506,0.09365684791634421
human,m189.off,309,526,0.032607350100199585
human,m142.off,9242,16329,0.07590648359248561
human,m174.off,1196,2308,0.06603053922859159
human,m180.off,15088,29960,0.03776655662546468
human,m187.off,1618,3128,0.21301651938301747
human,m173.off,1003,1702,0.03701872482826127
human,m127.off,756,1796,0.04115276013074327
human,m118.off,472,888,0.03798541040669348
human,m120.off,467,870,0.041235109521851186
skeleton,m116.off,26926,51956,0.04005160031092407
human,m129.off,1835,8364,0.037266805346897997
quadruped,m111.off,1238,2442,0.23471496074467
human,m172.off,745,1413,0.03325745378071512
human,m186.off,375,564,0.042458584681827345
human,m181.off,8520,16916,0.07862886721731802
human,m175.off,658,1079,0.07181080780008395
human,m188.off,1863,3360,0.045137270335537855
human,m143.off,5647,10817,0.05969622925742354
human,m144.off,674,1302,0.04981631034168852
quadruped,m110.off,453,902,0.27926341183628894
skeleton,m117.off,2284,4316,0.025065152973249977
human,m128.off,458,853,0.04085826044645222
human,m121.off,471,882,0.0362635998557932
human,m126.off,577,1018,0.03133297190986824
human,m119.off,450,837,0.04417119124466399
plant,m1042.off,19234,15578,0.5176951069639967
plant,m1089.off,170,264,0.2419228295283361
plant,m1045.off,13331,10170,0.2442636425345059
plant,m1087.off,17953,14426,0.37323188441533156
plant,m1073.off,8197,10218,0.47396846108060336
plant,m1074.off,4806,4806,0.27428782566287757
plant,m1080.off,17779,7779,0.34178865189292285
plant,m1020.off,18345,30014,0.400343769471163
plant,m1018.off,11666,15091,0.7282063909614379
plant,m1027.off,3855,5054,0.659641623113816
plant,m1011.off,7529,10680,0.5341626775475656
plant,m1029.off,316,548,0.2278083881338834
plant,m1016.off,5305,7909,0.26874541831696475
plant,m1081.off,12847,10145,0.3551803227231348
plant,m1075.off,574,1132,0.16316574282516114
plant,m1072.off,1356,1296,0.19543743243552036
plant,m1086.off,6247,6856,0.08176983574245562
plant,m1044.off,5544,3702,0.24336016477096475
plant,m1043.off,22578,14248,0.46250169334623165
plant,m1088.off,29100,41005,0.2156953953628351
plant,m1028.off,11200,12840,0.6495741918322728
plant,m1017.off,13287,20016,0.31024523123229736
plant,m1010.off,6257,7196,0.38055723158913307
plant,m1019.off,16590,21551,0.5521661533392294
plant,m1026.off,1519,2064,0.7451142173747668
plant,m1021.off,7639,11540,0.39121970209567614
plant,m1003.off,8453,10544,0.7068353234953885
plant,m1004.off,13240,17357,0.525132202502694
plant,m1035.off,1787,3360,0.5324528107064667
plant,m1095.off,1303,1445,0.5333630031128331
plant,m1061.off,1078,1956,0.4873611907122627
plant,m1059.off,1058,1916,0.23695843640932485
plant,m1066.off,1904,2042,0.11644994836121564
plant,m1092.off,337,638,0.4240613512306034
plant,m1050.off,5410,4629,0.22744886320804444
plant,m1068.off,1366,1892,0.3766190527142963
plant,m1057.off,1366,2212,0.3766190527142963
plant,m1034.off,228,426,0.14205553945910818
plant,m1033.off,197,480,0.19093843040198483
plant,m1005.off,17830,19610,0.20104776570175867
plant,m1002.off,8260,10184,0.6041494634590504
plant,m1069.off,18418,17436,0.4511451789347019
plant,m1056.off,16685,18170,0.4010017675985989
plant,m1051.off,5457,4288,0.32690182690035435
plant,m1058.off,1086,1972,0.4550160604246168
plant,m1093.off,1197,1954,0.42944738880523514
plant,m1067.off,1058,1756,0.23695843640932485
plant,m1060.off,570,940,0.22879959032461758
plant,m1094.off,1287,1440,0.20200247621945475
plant,m1024.off,22423,32733,0.5600441457866747
plant,m1023.off,2658,3236,0.46893658846335873
plant,m1015.off,1325,2111,0.21190068317211744
plant,m1012.off,2950,4292,0.45015145903299536
plant,m1046.off,12581,23234,0.34761063443792806
plant,m1079.off,155,260,0.06225543405883208
plant,m1041.off,39490,34578,0.2768062642235283
plant,m1077.off,832,1471,0.38534535124478775
plant,m1083.off,42566,36512,0.11243112696188844
plant,m1048.off,45499,43530,0.4482806992941779
plant,m1084.off,28393,29426,0.12361704442570848
plant,m1070.off,1194,1134,0.0922860082529968
plant,m1013.off,6365,7424,0.5604809928006889
plant,m1014.off,16402,20144,0.478696087590022
plant,m1022.off,7882,10842,0.7346056049395223
plant,m1025.off,6696,10794,0.43299623779467167
plant,m1071.off,1086,1812,0.4550160604246168
plant,m1085.off,42566,36512,0.1373649150714607
plant,m1076.off,17880,15303,0.17922070214040534
plant,m1049.off,19248,10668,0.17492105149980394
plant,m1040.off,5544,1872,0.21157497501818323
plant,m1047.off,37715,36764,0.2072175752480966
plant,m1078.off,724,696,0.07686405662625846
plant,m1065.off,3007,1610,0.18407902499439904
plant,m1091.off,2457,3814,0.2907726049014744
plant,m1096.off,835,1376,0.2428209295426717
plant,m1062.off,334,692,0.261684618947219
plant,m1054.off,12752,6042,0.47685588674455104
plant,m1098.off,3439,3701,0.5365784089845769
plant,m1053.off,12581,23234,0.34761063443792806
plant,m1007.off,7930,8864,0.44363150789276273
plant,m1038.off,6510,12368,0.10928232584126873
plant,m1000.off,19105,26032,0.46420290713688966
plant,m1036.off,234,401,0.14936991076806896
plant,m1009.off,5331,6764,0.338087870808374
plant,m1031.off,729,1284,0.3938121344019041
handheld,m1099.off,302,600,0.019927261788366592
plant,m1052.off,342,186,0.5256313033855093
plant,m1055.off,31668,17804,0.18859288532491572
plant,m1063.off,470,932,0.349516849778155
plant,m1090.off,5482,10928,0.25448650463433264
plant,m1064.off,2681,1800,0.16576774430172236
plant,m1030.off,395,692,0.423486257441803
plant,m1037.off,959,2254,0.48826078399422324
plant,m1008.off,5383,7952,0.4913793219359509
plant,m1001.off,11431,16584,0.33947916001104433
plant,m1006.off,16333,25760,0.429507050717383
plant,m1039.off,4259,7625,0.15774254167139284
table,m884.off,274,532,0.2766396251831999
shelves,m848.off,342,680,0.1894856528952499
table,m879.off,276,556,0.16075848937499995
shelves,m846.off,1101,2098,0.1213296585
seat,m812.off,257,434,0.18611266713313765
seat,m815.off,341,546,0.18634985060556344
seat,m823.off,440,812,0.3065470269195999
seat,m824.off,678,1266,0.2176386985510647
table,m878.off,320,534,0.7028201792556997
shelves,m847.off,158,244,0.12074175013169995
shelves,m849.off,128,192,0.09306399406139998
table,m882.off,598,1072,0.3775769551132499
table,m885.off,232,408,0.16410858348059992
seat,m825.off,319,598,0.2054781805780567
seat,m822.off,967,1906,0.21737722963218742
seat,m814.off,341,546,0.25924203247779004
seat,m813.off,257,434,0.14009890497140257
seat,m831.off,448,900,0.13791625949809996
seat,m809.off,120,180,0.04112204602366257
seat,m800.off,116,190,0.34948795859942083
seat,m838.off,2162,4292,0.19490260828781117
seat,m807.off,104,184,0.13673545229897516
shelves,m853.off,100,228,0.12683036764059996
table,m898.off,288,348,0.16061172062063842
table,m896.off,144,160,0.6564166788007295
shelves,m862.off,544,1024,0.3737269427631999
shelves,m865.off,253,318,0.15426233923664176
table,m891.off,190,360,0.17178057492445797
seat,m839.off,540,1064,0.23709146500399747
seat,m806.off,472,912,0.11284436523865533
seat,m801.off,8188,16268,0.1945356512898378
seat,m808.off,842,1344,0.29866023230369293
seat,m837.off,15963,31054,0.14030280345077675
seat,m830.off,238,420,0.09056263193885265
table,m890.off,508,979,0.32304392570542106
shelves,m864.off,320,406,0.07144731587602732
shelves,m863.off,286,362,0.10119163182421172
table,m897.off,128,152,0.13362931680251583
shelves,m852.off,104,228,0.18788360367049992
table,m899.off,288,348,0.8567865730863036
seat,m816.off,341,546,0.1403789583539146
seat,m829.off,540,1032,0.08243333434430618
seat,m811.off,257,434,0.2592420324777901
seat,m820.off,132,208,0.2736741
table,m887.off,340,616,0.19945902745664992
table,m873.off,677,1206,0.3444569493749998
table,m889.off,495,1018,0.294646257535
seat,m842.off,1357,2263,0.07284792736812697
seat,m821.off,349,680,0.1484230167065726
seat,m826.off,600,1144,0.20945851945484625
seat,m819.off,398,664,0.20156895627472313
seat,m810.off,775,1494,0.1271085385094926
seat,m817.off,368,688,0.23935130889950001
seat,m828.off,713,1378,0.19862071305272538
seat,m843.off,8085,15128,0.14492254041997177
shelves,m844.off,200,324,0.13659389743199057
table,m872.off,2229,4413,0.13837588341939994
table,m886.off,750,2432,0.2849107712879999
table,m875.off,528,744,0.08155117351250678
shelves,m857.off,112,168,0.1873806008279812
shelves,m868.off,112,180,0.059520109202549985
shelves,m850.off,184,300,0.12468493954428524
shelves,m866.off,219,274,0.2633845796448307
table,m892.off,174,288,0.1455332496799999
shelves,m859.off,2556,4716,0.18438784392169993
shelves,m861.off,150,232,0.12776968297919997
seat,m835.off,257,390,0.15472860484374992
seat,m832.off,1966,3398,0.11268207346013205
seat,m804.off,326,552,0.4143274644090284
seat,m803.off,1318,2481,0.29654950465303187
table,m893.off,184,292,0.4621371328160173
shelves,m869.off,2256,4261,0.13694849946375162
seat,m802.off,178,206,0.236252419378115
seat,m805.off,149,290,0.4393476604680717
seat,m833.off,350,550,0.17189734937834994
seat,m834.off,164,280,0.14582935744747647
building,m417.off,969,1818,0.16485525977759155
building,m428.off,8598,14240,0.1238564571505232
building,m410.off,1217,2076,0.3644278896254387
building,m426.off,3995,7106,0.18019017149079233
building,m419.off,112,196,0.24948604778027955
building,m421.off,6853,11000,0.16217909991899995
building,m481.off,473,760,0.17147500000000002
building,m475.off,112,178,0.45726696749999984
building,m472.off,358,704,0.18795104572941676
liquid_container,m486.off,2101,3894,0.0723306335871253
building,m444.off,3508,6208,0.2094323712465401
liquid_container,m488.off,144,284,0.11156698856771545
building,m443.off,284,417,0.23119396415159996
building,m420.off,7225,12960,0.22990865283749987
building,m427.off,8465,16975,0.810830079268669
building,m418.off,1576,2836,0.4047903960434999
building,m411.off,1952,3922,0.27428827140804984
building,m416.off,7056,13542,0.1806540717295999
building,m429.off,14312,27982,0.47139072546749977
liquid_container,m489.off,558,1055,0.09185510835238775
building,m442.off,26778,38276,0.18128710170552045
building,m445.off,2020,3536,0.3021632759054406
liquid_container,m487.off,133,290,0.06744681012782644
building,m473.off,124,216,0.3203401933306
building,m474.off,1361,2670,0.7206748038223988
building,m480.off,288,444,0.10717187499999999
building,m456.off,607,703,0.4005750669103207
building,m469.off,1702,3346,0.3857831740674999
building,m451.off,905,1696,0.10777216568156216
liquid_container,m493.off,3404,6872,0.18129694481455857
building,m467.off,8334,16159,0.052632679229899976
building,m458.off,958,1760,0.13545939836099993
building,m460.off,4748,8520,0.4398655388708367
liquid_container,m494.off,770,1536,0.09212171646847152
building,m433.off,2380,4236,0.16332617668559993
building,m405.off,20981,41835,0.7374751118261997
building,m402.off,21085,41681,0.3803310718311703
liquid_container,m495.off,1401,2750,0.4888478289827095
building,m461.off,816,1587,0.5243672744371405
building,m466.off,36789,66620,0.27107011566671
liquid_container,m492.off,353,728,0.0664934546154117
building,m450.off,781,1879,0.06182444190309997
building,m457.off,284,417,0.23119396415159996
building,m468.off,2742,5898,0.09052863616740227
building,m403.off,44010,89968,0.47239557499999973
building,m404.off,1051,2752,0.27581081358429993
building,m432.off,722,1207,0.2695768480718616
building,m435.off,119,251,0.14468203124999995
building,m471.off,118,248,0.04692276599456353
liquid_container,m485.off,520,936,0.06653412157654996
building,m449.off,221,328,0.31120185685439977
liquid_container,m482.off,536,950,0.06737483945894995
building,m476.off,211,344,0.6178868494207319
building,m440.off,411,906,0.25749416841895156
building,m478.off,1750,2980,0.07962885888446256
building,m447.off,1440,2370,0.1887483144634845
building,m413.off,3749,7282,0.6972353786971999
building,m414.off,1056,1944,0.6309422624999997
building,m422.off,308,524,0.31294187499999987
building,m425.off,4742,5485,0.12318682178757372
building,m479.off,648,1056,0.128390173887
building,m446.off,20589,35236,0.14571128218942808
building,m441.off,2086,2283,0.2559075373805388
building,m448.off,761,1530,0.5727465801186499
building,m477.off,1047,1708,0.10111468561335754
liquid_container,m483.off,371,620,0.05106617661530821
liquid_container,m484.off,460,888,0.06619664687399998
building,m470.off,14410,28566,0.09846223868391449
building,m424.off,2093,3957,0.07938240916953457
building,m415.off,508,966,0.27554177965228877
building,m412.off,1990,2820,0.047145728910026545
building,m430.off,1686,2832,0.2829035412254999
building,m408.off,1252,2405,0.330970245039503
building,m437.off,40025,77387,0.2594207752197551
building,m401.off,6918,13373,0.16249924106444089
building,m439.off,356,532,0.08174049258444369
building,m406.off,7223,13978,0.42096945456277485
building,m452.off,2553,5111,0.49857655381194804
liquid_container,m499.off,339,636,0.4379280977340781
building,m463.off,2022,3672,0.3969454760257499
liquid_container,m497.off,3008,6012,0.14416857259862
liquid_container,m490.off,562,1076,0.10693607288461725
building,m464.off,8297,12810,0.08310792464774998
building,m407.off,229,404,0.5051483548457509
building,m400.off,488,840,0.5465683954867998
building,m409.off,1509,2027,0.11174350396823478
building,m436.off,220,240,0.13858987862554994
building,m431.off,966,1275,0.06095738353399347
building,m465.off,2335,4363,0.04132065630382447
liquid_container,m491.off,544,997,0.2181022355053865
liquid_container,m496.off,500,1000,0.34053628682244524
building,m454.off,200,216,0.17048502288906314
building,m453.off,2384,5116,0.5428164287009009
liquid_container,m498.off,380,720,0.7206990154299101
car,m1537.off,381,1416,0.05403063163766765
car,m1508.off,4332,10492,0.07039702126274998
car,m1530.off,1268,2286,0.09745691540337895
car,m1506.off,4284,7879,0.12795449262912054
car,m1539.off,8254,16515,0.10982311320685617
car,m1501.off,23803,47613,0.19576842545291523
car,m1555.off,16607,30255,0.11133309618089993
chess_piece,m1599.off,250,496,0.14588438890654332
car,m1552.off,5247,10474,0.11156478125940002
handheld,m1590.off,7658,14804,0.21327248249999992
car,m1564.off,1346,2697,0.32820352024349997
car,m1563.off,616,1114,0.3062428647222999
handheld,m1597.off,9978,22448,0.27635903749999985
car,m1500.off,1644,3260,0.13615061160057712
car,m1507.off,6514,12769,0.07374675188010166
car,m1538.off,1830,3640,0.09504443623909159
car,m1531.off,2170,4060,0.10012728990935113
car,m1536.off,1503,3653,0.13500301254813932
car,m1509.off,47474,95045,0.17239359789566308
handheld,m1596.off,16803,33047,0.0638619573080823
car,m1562.off,11902,21840,0.37678266798614385
car,m1565.off,8998,14948,0.23858296406400398
handheld,m1591.off,7339,14472,0.21752279955629997
chess_piece,m1598.off,1182,2360,0.16135332629070234
car,m1553.off,1239,1915,0.11727710851462604
car,m1554.off,1558,3762,0.09493984845086176
train,m1582.off,8235,16328,0.04007145276212218
car,m1576.off,3519,7038,0.09873210941297036
car,m1549.off,381,1416,0.05500204033200001
car,m1571.off,12205,23350,0.10745060437454092
car,m1585.off,5303,10241,0.09852644138665478
car,m1547.off,249,440,0.11818883452025407
train,m1578.off,333,574,0.059623526931261134
car,m1540.off,8468,16860,0.09018277292995633
car,m1514.off,18662,36856,0.08727844043940393
car,m1513.off,13106,20844,0.09344335362961244
car,m1525.off,10543,21450,0.13358664691459998
car,m1522.off,2669,4713,0.09434208302503853
car,m1541.off,72676,146629,0.09619989258408002
car,m1546.off,9068,15012,0.12817158854860322
train,m1579.off,6906,13359,0.05216465990115732
car,m1584.off,174,316,0.1612119432819
car,m1570.off,1445,3479,0.06541547934766415
train,m1577.off,4946,9918,0.05387794128362721
train,m1583.off,309,573,0.15250250004310062
car,m1548.off,8056,14914,0.10195216577970273
car,m1523.off,1830,3640,0.09501467847369949
car,m1524.off,1517,3014,0.1194579451999834
car,m1512.off,6808,11468,0.07504459125005
car,m1515.off,250,391,0.09546805928862767
car,m1551.off,18528,35465,0.0967771669311167
car,m1569.off,9579,16122,0.14697623117232678
car,m1556.off,34973,119540,0.09989385581719998
car,m1560.off,21686,43584,0.3721921732499999
handheld,m1594.off,12623,24718,0.10461285286388554
car,m1558.off,6936,11791,0.08635236756973079
handheld,m1593.off,25650,50984,0.21676760225818695
car,m1567.off,162,216,0.2947097750548557
car,m1533.off,7374,14462,0.08967983279619998
car,m1534.off,14919,36397,0.12504481704
car,m1502.off,4970,7120,0.08233148248475326
car,m1505.off,10969,21007,0.06454152736172013
car,m1559.off,15606,30000,0.19196146701494995
car,m1566.off,23624,46968,0.15253255836959667
handheld,m1592.off,3287,5968,0.15599080749999994
handheld,m1595.off,60667,121343,0.1509691988692402
car,m1561.off,332,558,0.21029783166198934
car,m1568.off,4941,10000,0.14321247657066424
car,m1557.off,8489,16656,0.13024794548946958
car,m1550.off,9368,17526,0.09922844474045234
car,m1504.off,1621,3269,0.07539906239046784
car,m1503.off,24786,50685,0.029761680689907352
car,m1535.off,15171,29304,0.08816464744275002
car,m1532.off,132,134,0.1507781357355
car,m1510.off,54710,109357,0.09626143656311652
car,m1528.off,18656,37254,0.08514718603129882
car,m1517.off,3878,7448,0.11764786649937631
car,m1521.off,308,580,0.08989172399674997
car,m1519.off,4099,7958,0.08288946164415312
car,m1526.off,320,560,0.100769999705
car,m1572.off,9613,18340,0.036815869465699994
car,m1586.off,5520,10614,0.09287579434627878
train,m1581.off,11298,22000,0.03613782413600001
car,m1575.off,47209,92176,0.15834390035939996
car,m1543.off,386,548,0.10601015820907127
car,m1588.off,4400,7716,0.09490749485272701
car,m1544.off,60246,116378,0.098087589095911
car,m1518.off,7376,14482,0.10572600373468462
car,m1527.off,7315,14450,0.10986583465193045
car,m1520.off,378,904,0.1086102195862151
car,m1529.off,4161,7412,0.11773232777584695
car,m1516.off,12279,24863,0.09958297398958868
car,m1511.off,10604,20577,0.1149920335603224
car,m1545.off,8056,14914,0.10195216577970273
car,m1542.off,4384,7414,0.1369949589966022
handheld,m1589.off,3782,7223,0.20345580350739992
car,m1574.off,3780,7402,0.16281189932889997
train,m1580.off,1400,2568,0.12532733966294013
car,m1587.off,4658,8999,0.1289639633308792
car,m1573.off,1461,2788,0.07433006616639998
head,m350.off,2034,3946,0.6080027602733359
head,m357.off,193,384,0.539913525698679
head,m368.off,2991,5728,0.5207902420337556
head,m361.off,295,557,0.409536457978117
building,m395.off,630,696,0.814548771280372
head,m366.off,3000,5951,0.10807743364090584
head,m359.off,314,615,0.6618850218354296
hand,m332.off,1198,2392,0.5183419525109998
hand,m335.off,7929,15855,0.30410848525881
head,m303.off,160940,316498,0.4392870354560065
head,m304.off,19324,37922,0.3088106307399471
head,m367.off,977,1852,0.29190710841194445
building,m393.off,241,326,0.47751127863317294
head,m358.off,1173,2260,0.38199020510763015
building,m394.off,750,1246,0.7247253117575273
head,m360.off,270,536,0.5002003802027812
head,m356.off,692,1380,0.5280621174709192
head,m369.off,9843,19492,0.4390162763160218
head,m351.off,881,1646,0.44610354684323666
head,m305.off,1174,2158,0.18738404725982774
head,m302.off,2081,3972,0.3848848089861765
hand,m334.off,114,204,0.20678962936385253
hand,m333.off,1023,2043,0.38288560453414255
head,m311.off,3300,6468,0.126387514705579
head,m316.off,3529,6668,0.20956173005317258
hand,m329.off,6191,12378,0.21579017203577402
head,m320.off,794,1447,0.23343293447684377
hand,m327.off,386,768,0.2136693482666974
head,m318.off,2278,4356,0.36056525638205017
torso,m373.off,1594,3166,0.15547361881693095
building,m387.off,844,1668,0.33844583207379986
head,m380.off,702,1243,0.581515201155026
torso,m374.off,886,1770,0.135335466144475
building,m389.off,2509,5170,0.425608928955
head,m342.off,1543,2688,0.48852529167304304
head,m345.off,2687,4801,0.7013028201675602
hand,m326.off,1521,2828,0.15814780799991712
head,m319.off,2342,4374,0.4387671942709611
head,m321.off,7013,13338,0.2695942343019322
head,m317.off,787,1440,0.5177732052031426
hand,m328.off,6038,12072,0.14201794635211545
head,m310.off,2045,3984,0.09661248884712824
head,m344.off,1988,3564,0.34029987024381225
building,m388.off,224,452,0.49054123999999977
head,m343.off,1982,3747,0.44074249511481656
torso,m375.off,711,1417,0.14186330411081832
head,m381.off,10952,22104,0.7286014781835618
building,m386.off,530,1008,0.8054007856992
torso,m372.off,711,1419,0.14185558724767636
head,m309.off,2017,3961,0.0462614111237971
hand,m336.off,1557,3110,0.13739163328507234
hand,m331.off,421,837,0.1708623372298756
hand,m338.off,1547,3090,0.10235373260711499
head,m307.off,1581,2955,0.28544596501443703
head,m300.off,889,1654,0.2132362198047868
head,m354.off,216,426,0.31014995962415515
head,m353.off,7896,15788,0.48476740824913095
building,m398.off,498,946,0.4814975298169971
building,m391.off,246,274,0.40365532956454386
head,m365.off,17666,35328,0.4314116687249471
head,m362.off,186,360,0.4517593285083344
building,m396.off,445,470,0.7033761951331499
head,m301.off,17526,34333,0.328639487874558
hand,m339.off,2248,4466,0.014276329140806895
head,m306.off,3390,6226,0.4956432340810536
hand,m330.off,799,1710,0.13281829578828355
head,m308.off,2307,4452,0.1079018105185955
hand,m337.off,1925,3846,0.03020375955320334
building,m397.off,1362,2680,0.8040641252882808
head,m363.off,1884,3604,0.49060587176033177
head,m364.off,263,465,0.4374136009396592
head,m352.off,664,1197,0.5871697050783494
building,m399.off,7466,13542,0.5237439059849498
head,m355.off,17358,34712,0.36696981105365556
head,m348.off,9148,18008,0.36079157404316115
building,m383.off,2328,4460,0.30657228829492694
head,m377.off,1306,2294,0.5209893197532396
head,m370.off,5641,10543,0.26337709076320776
building,m384.off,2876,4686,0.2129233798934
head,m379.off,621,1246,0.4682803725778186
head,m346.off,484,919,0.34287215244421443
head,m341.off,1884,3604,0.42939910660823843
head,m315.off,3071,5949,0.1912886071959523
head,m312.off,2085,4052,0.10595880837828368
hand,m324.off,25001,49998,0.06726883243656331
hand,m323.off,43386,86361,0.08343505403148752
head,m340.off,1426,2790,0.7099427657553109
head,m378.off,7172,14208,0.40776964507220304
head,m347.off,906,2070,0.33102996606635837
building,m385.off,674,918,0.4994769285999999
head,m371.off,30743,61334,0.6635952638595701
head,m349.off,26749,51893,0.5045991025247945
head,m376.off,698,1243,0.7700850805041127
building,m382.off,252,400,0.56417798931215
head,m322.off,786,1406,0.22172468518922164
hand,m325.off,1546,2878,0.16711858314309458
head,m313.off,2551,4920,0.12563109163050384
head,m314.off,3651,7055,0.39475377417139357
winged_vehicle,m1270.off,295,452,0.03770336746761839
winged_vehicle,m1284.off,6298,11608,0.043290279600506985
winged_vehicle,m1283.off,275,368,0.045639895823613164
winged_vehicle,m1277.off,2239,4224,0.03568110025305299
winged_vehicle,m1248.off,296,558,0.16967855648652666
winged_vehicle,m1241.off,480,720,0.14200839808347923
winged_vehicle,m1246.off,366,784,0.162916044901567
winged_vehicle,m1279.off,734,1204,0.054964923535048275
winged_vehicle,m1212.off,1173,2513,0.13463423162516625
winged_vehicle,m1215.off,160,308,0.1082251200779069
winged_vehicle,m1223.off,1117,2230,0.10412772382279391
winged_vehicle,m1224.off,559,944,0.044061103146131375
winged_vehicle,m1247.off,775,1546,0.1270185209121348
winged_vehicle,m1278.off,2304,4344,0.038809660091113564
winged_vehicle,m1240.off,182,378,0.1399587623138791
winged_vehicle,m1276.off,236,256,0.030450105084155542
winged_vehicle,m1282.off,368,608,0.05415221191055997
winged_vehicle,m1249.off,310,616,0.1732691744568065
winged_vehicle,m1285.off,802,1408,0.025224545819616428
winged_vehicle,m1271.off,328,524,0.03607093469032066
winged_vehicle,m1225.off,183,340,0.08027704879542719
winged_vehicle,m1222.off,332,612,0.2771407834058201
winged_vehicle,m1214.off,882,1752,0.09148156315976119
winged_vehicle,m1213.off,252,504,0.057612904865564515
winged_vehicle,m1236.off,396,828,0.1069461064100352
winged_vehicle,m1209.off,243,480,0.13934316360046936
winged_vehicle,m1200.off,197,450,0.09431378384442154
winged_vehicle,m1207.off,412,669,0.040515153766317126
winged_vehicle,m1238.off,196,396,0.0924495823293716
winged_vehicle,m1298.off,301,542,0.16261099128611922
winged_vehicle,m1253.off,348,476,0.10086198043658264
winged_vehicle,m1254.off,46597,88241,0.16235942705795597
winged_vehicle,m1262.off,646,1032,0.1134854930311465
winged_vehicle,m1296.off,250,408,0.05046548608278954
winged_vehicle,m1291.off,272,444,0.08856322882757313
winged_vehicle,m1265.off,423,680,0.0409002151344471
winged_vehicle,m1239.off,428,676,0.12175634014472825
winged_vehicle,m1201.off,6739,11310,0.14948151372356006
winged_vehicle,m1237.off,212,480,0.14005299458251946
winged_vehicle,m1208.off,308,519,0.09351548438789281
winged_vehicle,m1230.off,2360,4325,0.12041161391399322
winged_vehicle,m1264.off,1144,1996,0.1092350605032413
winged_vehicle,m1290.off,279,372,0.041733150422065844
winged_vehicle,m1297.off,640,1044,0.011550317125224856
winged_vehicle,m1263.off,1244,2092,0.14765407271309017
winged_vehicle,m1255.off,3167,6441,0.08956479444184733
winged_vehicle,m1299.off,210,264,0.09314346174311654
winged_vehicle,m1252.off,3070,4854,0.0974486081249101
winged_vehicle,m1229.off,3388,6422,0.07761582810307065
winged_vehicle,m1216.off,879,1754,0.10793660173362699
winged_vehicle,m1211.off,486,852,0.12008539100249617
winged_vehicle,m1218.off,224,400,0.10163869701907641
winged_vehicle,m1227.off,265,324,0.07251917086411735
winged_vehicle,m1220.off,437,862,0.10363019474275285
winged_vehicle,m1280.off,249,324,0.040753971084988884
winged_vehicle,m1274.off,426,684,0.06676140707294836
winged_vehicle,m1273.off,475,924,0.05189107606033733
winged_vehicle,m1287.off,714,1188,0.03472417958348974
winged_vehicle,m1245.off,215,426,0.1047267370980525
winged_vehicle,m1242.off,380,608,0.09673229344489281
winged_vehicle,m1289.off,5078,9746,0.1210340339166235
winged_vehicle,m1221.off,372,688,0.14489252990938506
winged_vehicle,m1219.off,184,364,0.08780023801617834
winged_vehicle,m1226.off,161,318,0.0919558976448215
winged_vehicle,m1210.off,577,1145,0.11642784120429822
winged_vehicle,m1228.off,329,368,0.0838379222180824
winged_vehicle,m1217.off,305,594,0.11575773088711393
winged_vehicle,m1243.off,282,596,0.1190238073418514
winged_vehicle,m1288.off,1502,2674,0.09814399770355885
winged_vehicle,m1244.off,186,442,0.1261211790569378
winged_vehicle,m1286.off,334,428,0.051652969541091706
winged_vehicle,m1272.off,6594,11580,0.06638621074751413
winged_vehicle,m1275.off,204,272,0.07284967809352635
winged_vehicle,m1281.off,415,692,0.04311629196578702
winged_vehicle,m1268.off,240,376,0.03710783500089954
winged_vehicle,m1257.off,8811,17370,0.04079930788704796
winged_vehicle,m1250.off,2539,4970,0.11023482802068561
winged_vehicle,m1259.off,6739,11310,0.14948151372356006
winged_vehicle,m1292.off,2911,5036,0.09863202902508983
winged_vehicle,m1266.off,3408,5808,0.08505305244895764
winged_vehicle,m1261.off,431,652,0.12427628025464228
winged_vehicle,m1295.off,204,244,0.0197534152038335
winged_vehicle,m1235.off,193,376,0.13093609403274156
winged_vehicle,m1232.off,203,418,0.12024705682945618
winged_vehicle,m1204.off,277,588,0.14460565056642152
winged_vehicle,m1203.off,438,874,0.0851964643053348
winged_vehicle,m1294.off,257,352,0.03336400368655982
winged_vehicle,m1260.off,6906,14563,0.1277789747517481
winged_vehicle,m1258.off,2178,3588,0.12626877122587873
winged_vehicle,m1267.off,230,335,0.08815547614771022
winged_vehicle,m1293.off,902,1540,0.08972360512004005
winged_vehicle,m1251.off,1198,2237,0.13594266545057324
winged_vehicle,m1269.off,230,272,0.03342044638059005
winged_vehicle,m1256.off,9396,18363,0.04109226250996847
winged_vehicle,m1202.off,684,1332,0.08410927566480089
winged_vehicle,m1205.off,369,556,0.11796369934438591
winged_vehicle,m1233.off,233,516,0.07915018667122874
winged_vehicle,m1234.off,236,492,0.09962481767769402
human,m241.off,589,874,0.2276865060519493
human,m246.off,583,886,0.09536079603558496
underwater_creature,m279.off,275,524,0.13212560778698187
trex,m270.off,4126,8368,0.24361506139013023
head,m284.off,18386,36758,0.5204198540107114
head,m283.off,17533,35414,0.5677093381266134
underwater_creature,m277.off,445,874,0.1703073484727921
human,m248.off,518,897,0.11712301964167764
human,m223.off,10473,20895,0.11588905842925887
human,m224.off,9624,19219,0.1326739323827741
human,m212.off,1290,2576,0.07439232602187172
human,m215.off,689,1341,0.03490188374071425
quadruped,m276.off,2309,4587,0.02938345084211847
underwater_creature,m282.off,1848,3587,0.343041673964969
human,m249.off,7970,15874,0.15340819148532953
head,m285.off,11162,22403,0.603683398463006
trex,m271.off,8381,16564,0.056102210560445155
human,m247.off,18472,51119,0.11402711072987774
underwater_creature,m278.off,359,646,0.15342286553035
human,m240.off,716,1352,0.1169080776536647
human,m214.off,1739,3519,0.03764706332931049
human,m213.off,409,760,0.04028311876950128
human,m225.off,18334,36118,0.11604944499159604
human,m222.off,17343,34584,0.1673267361252029
human,m200.off,1350,2547,0.055129639136450415
human,m207.off,3238,5926,0.0751482218251585
human,m238.off,559,880,0.12737695414979386
human,m231.off,13022,24959,0.26203361904251554
human,m236.off,2841,5537,0.15130591294392534
human,m209.off,417,1296,0.0852898227254888
human,m262.off,470,880,0.058703992680576536
head,m296.off,800,1458,0.22123303830944513
head,m291.off,1831,3540,0.2554899728565225
human,m265.off,16267,32530,0.23143207456261655
head,m298.off,794,1447,0.23343293447684377
human,m253.off,11806,23197,0.11209215352194891
human,m254.off,16082,31221,0.07533128780150716
human,m237.off,480,956,0.09101175006019045
human,m208.off,349,694,0.04393851790199777
human,m230.off,14796,28711,0.13210249260041998
human,m206.off,3071,6102,0.05390996448669181
human,m239.off,551,831,0.12441956940826022
human,m201.off,16287,32574,0.11981562817498984
human,m255.off,16858,35327,0.1087787398396951
head,m299.off,44261,87892,0.44674717399016317
human,m252.off,9698,19304,0.13364328322486144
human,m264.off,8798,17547,0.0815598034946129
head,m290.off,790,1420,0.25616010069803175
head,m297.off,786,1406,0.22172468518922164
human,m263.off,478,899,0.11641081072426337
human,m218.off,947,1862,0.2290968139341859
human,m227.off,7015,15968,0.1705120899851724
human,m220.off,12911,25465,0.13775238476062296
human,m229.off,18099,35742,0.13656967974991213
human,m216.off,9272,17521,0.12532675359199844
human,m211.off,2640,5476,0.044002620053427755
human,m245.off,574,862,0.11479427864638984
human,m242.off,598,880,0.26998469897596905
head,m289.off,2749,5218,0.40005434711150906
underwater_creature,m280.off,2894,5504,0.12923944734762274
quadruped,m274.off,23984,47904,0.1951290591246968
quadruped,m273.off,485,942,0.05002140472802872
head,m287.off,32622,65035,0.19600659966123268
human,m210.off,210,404,0.26654235157442907
human,m228.off,15201,33532,0.3040298088587981
human,m217.off,955,1835,0.05633605072239435
human,m221.off,10576,21121,0.12549572930124192
human,m219.off,178,616,0.12672072919297217
human,m226.off,6368,12712,0.158324238731232
head,m286.off,4004,8066,0.4453054357630453
trex,m272.off,4640,9039,0.05352307878248574
quadruped,m275.off,20586,41168,0.06532360122946979
underwater_creature,m281.off,10119,20198,0.15754255806956394
human,m243.off,568,857,0.12169596159994596
head,m288.off,618,1208,0.5038115413527965
human,m244.off,540,842,0.12547836803684298
human,m259.off,402,728,0.19013133414194072
head,m292.off,430,808,0.22259472552086235
human,m266.off,1092,2168,0.18639395620089158
human,m261.off,481,895,0.06429254326937732
head,m295.off,472,896,0.2287247234159375
trex,m268.off,252,484,0.04918366270845183
human,m257.off,372,721,0.21267588758280925
human,m250.off,10589,20349,0.08653345026661713
human,m204.off,1224,2338,0.09285233949405591
human,m203.off,477,938,0.04579854077350293
human,m235.off,408,812,0.17483000594298326
human,m232.off,429,854,0.15612604025773602
human,m251.off,8077,16126,0.09399420968865073
trex,m269.off,16996,33988,0.07611601996180313
human,m256.off,7303,14424,0.21367508213327663
head,m294.off,939,1790,0.46828098294054893
human,m260.off,1068,2102,0.0961355153517352
human,m258.off,12410,24119,0.06754437001955806
trex,m267.off,4480,7774,0.08640046270365145
head,m293.off,941,1794,0.3734451512933593
human,m233.off,747,1430,0.1570818689397649
human,m234.off,529,992,0.09839810058405533
human,m202.off,148,228,0.04140565541460291
human,m205.off,662,1242,0.06455257677894446
winged_vehicle,m1361.off,1038,2008,0.11847383548049101
winged_vehicle,m1395.off,818,1221,0.17220135973899287
winged_vehicle,m1392.off,14112,26014,0.26506464187335516
winged_vehicle,m1366.off,568,1067,0.09465310374274997
winged_vehicle,m1359.off,265,508,0.14033722138539997
balloon_vehicle,m1350.off,1097,1976,0.07073880515403032
winged_vehicle,m1357.off,9664,32216,0.05417777747930845
winged_vehicle,m1368.off,31247,59746,0.03491765950389617
helicopter,m1303.off,234,401,0.16524415150995486
helicopter,m1304.off,1066,2094,0.07990402876985445
helicopter,m1332.off,496,923,0.13711474756813544
helicopter,m1335.off,321,626,0.11953979413079986
winged_vehicle,m1356.off,1946,3301,0.09984382640539917
winged_vehicle,m1369.off,1004,1720,0.061590121808512886
balloon_vehicle,m1351.off,12987,24466,0.03223043209997324
winged_vehicle,m1367.off,26270,51359,0.05104295863416798
winged_vehicle,m1393.off,1020,1899,0.17153660518670247
winged_vehicle,m1358.off,1196,1989,0.08492690550146151
winged_vehicle,m1394.off,10236,19698,0.07720580114932905
winged_vehicle,m1360.off,2904,4231,0.07002077811781929
helicopter,m1334.off,267,524,0.1447364466942563
helicopter,m1333.off,439,900,0.14564634735033036
helicopter,m1305.off,7105,14168,0.031214186862216185
helicopter,m1302.off,1058,1882,0.04654239336401754
helicopter,m1320.off,7674,14166,0.13825509680866988
helicopter,m1327.off,7498,14167,0.1379691447274324
helicopter,m1318.off,1162,2056,0.11514304587749148
helicopter,m1311.off,1006,2008,0.1170293308734517
helicopter,m1316.off,396,682,0.10464621368074188
helicopter,m1329.off,665,1243,0.3183507831299711
winged_vehicle,m1389.off,563,1140,0.3506048328852236
balloon_vehicle,m1342.off,1252,2305,0.3159392760388035
balloon_vehicle,m1345.off,3174,6000,0.2719541372175155
winged_vehicle,m1373.off,6089,11598,0.09775232022962412
winged_vehicle,m1387.off,225,446,0.21743326134779548
winged_vehicle,m1380.off,11926,20996,0.324692843959095
winged_vehicle,m1374.off,8067,15517,0.04554137276449801
helicopter,m1317.off,1176,2060,0.10026791469103126
helicopter,m1328.off,3218,6448,0.11467452006402554
helicopter,m1310.off,1362,2668,0.13925094702309795
helicopter,m1326.off,1545,2709,0.132542166148604
helicopter,m1319.off,598,1004,0.07312197420908896
helicopter,m1321.off,2727,5138,0.1058300454818177
winged_vehicle,m1375.off,1694,3431,0.2646099636145526
winged_vehicle,m1381.off,13861,28037,0.3821151982308388
winged_vehicle,m1386.off,1707,3384,0.2807412530355672
winged_vehicle,m1372.off,3366,6344,0.09540523963510578
balloon_vehicle,m1344.off,1061,1930,0.35871817533452655
winged_vehicle,m1388.off,422,789,0.3556445211296706
balloon_vehicle,m1343.off,178,344,0.41501494217553453
balloon_vehicle,m1338.off,8761,16960,0.7168256123917827
helicopter,m1307.off,17766,34708,0.15174276684493979
helicopter,m1309.off,2046,3460,0.09283644361802365
helicopter,m1336.off,1191,2319,0.12179429269027968
winged_vehicle,m1391.off,1638,2978,0.08630705030081176
winged_vehicle,m1365.off,718,1196,0.10234796646089184
winged_vehicle,m1362.off,13685,22929,0.1079677176304796
winged_vehicle,m1396.off,1353,2476,0.17890478921765762
winged_vehicle,m1354.off,5720,11368,0.11315184051563619
winged_vehicle,m1353.off,2124,4147,0.11048870154683314
winged_vehicle,m1398.off,4509,8748,0.23263764102239137
helicopter,m1330.off,294,578,0.04255736689283858
helicopter,m1308.off,58380,116777,0.14983031234038136
balloon_vehicle,m1337.off,201,340,0.6743761883999974
balloon_vehicle,m1339.off,1878,6173,0.3107702509264774
helicopter,m1306.off,8547,17806,0.13528127390770556
balloon_vehicle,m1352.off,3236,6348,0.09250216162083658
winged_vehicle,m1399.off,357,613,0.1976981619721025
winged_vehicle,m1355.off,7730,13354,0.10466353430249624
winged_vehicle,m1397.off,10065,18674,0.21466842557197316
winged_vehicle,m1363.off,28709,36002,0.15913735270660725
winged_vehicle,m1364.off,9015,18251,0.15526436916996775
winged_vehicle,m1390.off,2097,3941,0.04600557177097183
winged_vehicle,m1379.off,1017,1858,0.07870800426754036
balloon_vehicle,m1346.off,742,1375,0.07355652744162075
balloon_vehicle,m1341.off,424,824,0.11107022025419096
balloon_vehicle,m1348.off,747,1382,0.0735824082490433
winged_vehicle,m1383.off,8722,31296,0.19262789815738363
winged_vehicle,m1377.off,121558,205083,0.1901348259151064
winged_vehicle,m1370.off,1748,3401,0.08248212075268577
winged_vehicle,m1384.off,3780,7460,0.1395588004410242
helicopter,m1324.off,50904,98664,0.2875064731056006
helicopter,m1323.off,5729,10670,0.27506683508281554
helicopter,m1315.off,510,844,0.08263860510244841
helicopter,m1312.off,222,368,0.1591020267326923
winged_vehicle,m1385.off,11132,20663,0.2579434670199046
winged_vehicle,m1371.off,1558,2565,0.07343502540913242
balloon_vehicle,m1349.off,432,640,0.07806171895907989
winged_vehicle,m1376.off,467,944,0.026211768490023074
winged_vehicle,m1382.off,7006,14044,0.2329363508153274
balloon_vehicle,m1340.off,778,1457,0.10281573112297182
winged_vehicle,m1378.off,2059,3804,0.1153934027526852
balloon_vehicle,m1347.off,3052,6274,0.1064660001413165
helicopter,m1313.off,1610,2952,0.11140399061877557
helicopter,m1314.off,1644,2996,0.23490344642277106
helicopter,m1322.off,675,1270,0.164884645076902
helicopter,m1325.off,1545,2438,0.13263295179511217
liquid_container,m506.off,8692,17597,0.22413529855126227
liquid_container,m539.off,2526,5004,0.5004990043226144
liquid_container,m501.off,1072,2000,0.401955121799309
liquid_container,m537.off,504,1008,0.24244756777925797
liquid_container,m508.off,998,1988,0.4196376797755283
liquid_container,m530.off,258,512,0.06419090088199914
handheld,m590.off,4460,8024,0.11373914038713294
display_device,m564.off,2091,3552,0.312251410941595
display_device,m563.off,152,258,0.5626523437499998
handheld,m597.off,340,660,0.7538944242708152
display_device,m555.off,591,1063,0.6643884394148845
handheld,m599.off,2407,4500,0.18199331707259997
display_device,m552.off,341,636,0.6722653188031061
liquid_container,m531.off,1296,2592,0.20834452010499532
liquid_container,m536.off,4578,9152,0.21408255981248092
liquid_container,m509.off,5874,11812,0.5261151450557223
liquid_container,m507.off,3330,6656,0.3882890811154067
liquid_container,m538.off,301,638,0.46349168212542763
handheld,m598.off,727,1148,0.27225313628667225
display_device,m553.off,376,760,0.6600000549999998
display_device,m554.off,163,294,0.7364400239454629
handheld,m596.off,128,224,0.3037749512471999
display_device,m562.off,295,556,0.3988556047300498
display_device,m565.off,852,1576,0.36620003263092954
handheld,m591.off,3185,6381,0.11878287318094577
liquid_container,m547.off,529,1000,0.6161438112928649
microchip,m578.off,714,1010,0.12531209152742795
liquid_container,m540.off,304,604,0.6705634528197002
handheld,m582.off,196,848,0.25533931198849924
microchip,m576.off,234,154,0.05867066237758002
display_device,m549.off,829,1543,0.580494981724902
display_device,m571.off,122,192,0.5070259473924648
handheld,m585.off,1714,3416,0.24092936505185106
liquid_container,m525.off,711,1285,0.06944368071265326
liquid_container,m522.off,1384,2648,0.19534123623993463
liquid_container,m513.off,17624,35488,0.32958040704055136
handheld,m584.off,2100,4100,0.2506952922189235
display_device,m570.off,408,1014,0.37108605674229994
microchip,m577.off,172,118,0.11985051547680001
handheld,m583.off,432,840,0.3106462352536936
liquid_container,m541.off,312,1196,0.7095152322478269
liquid_container,m546.off,1002,2000,0.3902844979856765
microchip,m579.off,384,576,0.06837418256360774
liquid_container,m523.off,4798,9244,0.108722686317807
liquid_container,m524.off,2337,4830,0.4171350403842164
display_device,m560.off,4284,8224,0.7237689562508931
handheld,m594.off,3469,9070,0.1811758069159533
handheld,m593.off,686,1352,0.3403074617040365
display_device,m567.off,1786,2040,0.2851089474760091
display_device,m551.off,2393,3712,0.8037934480016491
display_device,m569.off,268,475,0.4751805549394086
liquid_container,m502.off,752,1500,0.3994405861153544
liquid_container,m505.off,5183,10370,0.5060431288042226
liquid_container,m534.off,241,480,0.357772965012092
display_device,m559.off,395,749,0.7224835810315012
display_device,m566.off,337,608,0.19904394427679994
handheld,m592.off,1928,3720,0.26463536519866154
handheld,m595.off,19092,38141,0.4817390559908517
display_device,m561.off,158,272,0.26872931985079995
liquid_container,m535.off,176,320,0.3808961929536977
liquid_container,m532.off,240,480,0.14031246302868872
liquid_container,m504.off,1725,3450,0.46722181875846786
liquid_container,m503.off,799,1550,0.405116795041095
liquid_container,m521.off,6693,9507,0.7646994804802283
mailbox,m519.off,134,264,0.05696441832634148
liquid_container,m526.off,120,226,0.28075395583806884
liquid_container,m510.off,2653,5252,0.22247178071445098
liquid_container,m528.off,3128,6132,0.10321863333514575
liquid_container,m543.off,624,1196,0.7095146125614872
handheld,m588.off,3337,6599,0.4753379170500999
liquid_container,m544.off,1002,2000,0.3902982881566676
display_device,m572.off,981,1851,0.28183966444443387
handheld,m586.off,696,1372,0.24390224043203654
handheld,m581.off,220,868,0.19790039628853676
microchip,m575.off,192,130,0.10233402413469661
liquid_container,m529.off,1737,3121,0.5550148789659551
liquid_container,m511.off,294,790,0.7751028776824906
mailbox,m518.off,1132,2220,0.0576917691691761
liquid_container,m527.off,176,348,0.8209877320954908
mailbox,m520.off,150,272,0.04182988524955417
handheld,m580.off,2198,4155,0.6791637395160627
handheld,m587.off,4115,8240,0.47175097171548586
microchip,m573.off,1247,2472,0.0339906850104
liquid_container,m545.off,402,800,0.34377481645272756
liquid_container,m542.off,296,572,0.42809387545320293
handheld,m589.off,2354,4046,0.2689161792313649
car,m1426.off,27142,53728,0.15829949485994996
car,m1419.off,2338,4420,0.10881821131286841
car,m1421.off,2476,4188,0.2726632192032671
car,m1417.off,9534,17822,0.2852908154266144
sea_vessel,m1428.off,817,1083,0.024767921892426385
winged_vehicle,m1410.off,5986,9528,0.1245594096890591
sea_vessel,m1444.off,6251,11722,0.08100807213382241
car,m1488.off,4952,9223,0.2489102505966061
sea_vessel,m1443.off,33374,65182,0.026770858908397727
cycle,m1481.off,547,1038,0.15523227847307292
cycle,m1475.off,6045,12065,0.09480014290452277
cycle,m1472.off,524,846,0.18550787570406974
car,m1486.off,5735,11230,0.1474233408702628
car,m1411.off,777,1368,0.09390332790458593
car,m1416.off,11060,20920,0.13330874215679991
sea_vessel,m1429.off,749,1039,0.02822104163531955
car,m1420.off,10210,19631,0.16033146777753277
sea_vessel,m1427.off,757,1084,0.027957155564799347
car,m1418.off,477,760,0.16435793984295202
car,m1487.off,7454,15436,0.16114113810799993
cycle,m1473.off,2192,4448,0.13557413998765164
cycle,m1474.off,2811,4454,0.11205502250120923
cycle,m1480.off,9543,18238,0.2212229908194205
car,m1489.off,1684,3352,0.21270919354838858
sea_vessel,m1442.off,6859,12554,0.03726577474676156
sea_vessel,m1445.off,3516,7029,0.024328672383970525
car,m1493.off,58844,116955,0.2209927747091
sea_vessel,m1467.off,574,1076,0.03034639384975675
sea_vessel,m1458.off,2430,4698,0.4219047502925737
sea_vessel,m1460.off,4892,9510,0.25657493380740054
car,m1494.off,830,2016,0.15738752649761345
sea_vessel,m1456.off,497,935,0.19975772734285302
sea_vessel,m1469.off,1724,3176,0.021584257858731526
sea_vessel,m1451.off,775,1498,0.08397505206391487
winged_vehicle,m1405.off,209,616,0.5855567802112086
winged_vehicle,m1402.off,209,616,0.5856032633648464
sea_vessel,m1434.off,600,1077,0.07790032590648607
sea_vessel,m1433.off,926,1227,0.04563804510062073
sea_vessel,m1457.off,2333,4485,0.18440166557446452
sea_vessel,m1468.off,467,684,0.020211400489392184
car,m1495.off,6863,13402,0.13300551491886672
sea_vessel,m1461.off,12526,23024,0.2308517199110482
sea_vessel,m1466.off,9706,18939,0.023865537415140928
car,m1492.off,5914,10880,0.23688372404703137
sea_vessel,m1459.off,331,531,0.22688008770757712
sea_vessel,m1432.off,573,822,0.02127839595279698
sea_vessel,m1435.off,4211,4887,0.06981639868459522
winged_vehicle,m1403.off,890,1680,0.46450276030379983
winged_vehicle,m1404.off,33128,62933,0.23292410769335872
sea_vessel,m1440.off,4230,5977,0.037808517842153604
cycle,m1478.off,2769,5049,0.10274143700495297
sea_vessel,m1447.off,3189,6000,0.014164547641200528
sea_vessel,m1471.off,2511,3552,0.12616960626980497
car,m1485.off,6148,12263,0.16427010634546013
sea_vessel,m1449.off,330,660,0.11143688260825134
cycle,m1482.off,15288,29064,0.15520329173223088
cycle,m1476.off,436,916,0.13805315679297345
car,m1422.off,1289,1762,0.07064122132101792
car,m1425.off,6315,12533,0.06770045629830465
car,m1413.off,324,566,0.158961947301
car,m1414.off,10185,19743,0.13457307402239996
sea_vessel,m1448.off,182,328,0.08784243802418869
cycle,m1477.off,22672,44727,0.18407289067326965
cycle,m1483.off,46403,90616,0.1582210318760874
cycle,m1484.off,118,180,0.18139793178830144
sea_vessel,m1470.off,145,270,0.01255210958909719
cycle,m1479.off,12097,22065,0.2083726654436761
sea_vessel,m1446.off,6122,10530,0.027476379394173953
sea_vessel,m1441.off,3150,4116,0.0807305949112309
car,m1415.off,6373,12561,0.08851410288497513
car,m1412.off,4459,6962,0.08438931422411902
car,m1424.off,760,1244,0.15353057568689993
car,m1423.off,15183,13902,0.09427593680446666
winged_vehicle,m1401.off,13609,27535,0.5856853909456314
sea_vessel,m1439.off,428,848,0.021498403659934634
winged_vehicle,m1406.off,259,894,0.08416457303021167
sea_vessel,m1430.off,774,1032,0.037019690181667356
winged_vehicle,m1408.off,1293,2496,0.2497647868249499
sea_vessel,m1437.off,658,930,0.025278961226822872
sea_vessel,m1463.off,629,1236,0.012877172664770198
car,m1497.off,3655,7234,0.09137639858610073
car,m1490.off,2868,5566,0.1872407465963234
sea_vessel,m1464.off,2873,5534,0.030132570293802022
sea_vessel,m1452.off,776,1452,0.06668944842650465
car,m1499.off,15418,31813,0.16850212937689996
sea_vessel,m1455.off,314,576,0.2185094722007356
winged_vehicle,m1409.off,769,1277,0.14844481198823634
sea_vessel,m1436.off,1704,3340,0.02296071963197236
sea_vessel,m1431.off,674,960,0.042296494787697224
sea_vessel,m1438.off,1309,2454,0.025983541049542477
winged_vehicle,m1407.off,3099,6073,0.1680052327240907
winged_vehicle,m1400.off,3574,5323,0.1746792420956695
sea_vessel,m1454.off,325,598,0.30985572898763436
sea_vessel,m1453.off,7994,15870,0.23354746920666364
car,m1498.off,5514,10500,0.09032689520399995
sea_vessel,m1465.off,6923,10583,0.01663877782643864
car,m1491.off,55001,116942,0.21075388274811582
car,m1496.off,8403,16736,0.10980256308840002
sea_vessel,m1462.off,4916,9500,0.24634116422800964
className,fileName,verticeNumber,faceNumber,bounding_box_volume
sign,m1674.off,247,468,0.027080798705949573
seat,m841.off,206,408,0.1905278780554499
shelves,m855.off,177,264,0.31754643
table,m883.off,526,1032,0.857375
shelves,m854.off,538,1224,0.15180319660264566
seat,m840.off,484,1080,0.633490221624147
sign,m1675.off,182,312,0.004946278004555197
flying_creature,m43.off,198,360,0.0936426805643678
chest,m1701.off,145,276,0.2997180416373705
table,m922.off,274,528,0.42139059516448407
table,m936.off,235,456,0.3567672444026257
shelves,m856.off,304,576,0.27878587763674995
table,m895.off,354,600,0.15307132037052895
table,m881.off,281,516,0.19052787805544996
table,m880.off,190,312,0.08194314036091681
table,m894.off,354,600,0.32655134616872383
snake,m83.off,494,924,0.3028302446731189
liquid_container,m512.off,563,1128,0.4930226390051156
chest,m1702.off,364,600,0.27876563476599997
table,m937.off,422,840,0.6660168066666327
table,m933.off,305,600,0.44099015773027395
flying_creature,m50.off,548,1092,0.1190833002712883
door,m1706.off,117,174,0.009607392374556267
mailbox,m516.off,350,660,0.08823857175475887
sign,m1673.off,324,516,0.02878424759454523
mailbox,m517.off,350,672,0.03442113940274114
table,m918.off,387,744,0.15274417318883546
door,m1705.off,228,432,0.02525635159305805
door,m1711.off,371,792,0.013708016722860516
mailbox,m515.off,509,1008,0.11734979832373693
winged_vehicle,m1301.off,434,864,0.04976244060368951
winged_vehicle,m1300.off,198,456,0.054272656309031664
shelves,m851.off,363,720,0.2099697929592999
shelves,m845.off,288,528,0.17199737055357786
handheld,m1102.off,114,312,0.003508101554489098
liquid_container,m500.off,416,828,0.6439700763359865
mailbox,m514.off,208,354,0.16298223531884312
staircase,m1738.off,158,312,0.10793500343932992
table,m919.off,387,744,0.6934193826262376
table,m931.off,274,528,0.5369488137503928
seat,m836.off,147,264,0.20159437138630312
lamp,m611.off,458,1200,0.19854657296890346
table,m764.off,390,726,0.37633894224303766
cabinet,m957.off,334,648,0.20843635465630939
winged_vehicle,m1206.off,435,804,0.06794807286641143
handheld,m1748.off,184,360,0.351335119741332
display_device,m558.off,132,240,0.687344522842597
lamp,m606.off,458,870,0.19925489638995772
plant,m983.off,281,444,0.2604406166432136
display_device,m1765.off,109,180,0.20947497039021362
chess_piece,m1605.off,513,1008,0.2962676110366759
seat,m818.off,374,720,0.2593703391410947
microchip,m574.off,369,492,0.3134921105167062
display_device,m548.off,310,624,0.6298000930401
handheld,m760.off,433,816,0.35686896054966105
display_device,m1766.off,142,258,0.5552771149565776
seat,m827.off,418,792,0.13039674972040974
seat,m793.off,360,588,0.5348457375660103
seat,m778.off,270,540,0.35721556775955904
lamp,m624.off,236,456,0.04129009985432021
seat,m784.off,114,216,0.06886658112377991
winged_vehicle,m1231.off,419,792,0.05856503856106949
display_device,m1769.off,236,456,0.4694322424914806
display_device,m550.off,304,576,0.39784712120545
plant,m1032.off,486,936,0.3961904831201296
wheel,m746.off,412,768,0.24155449554264669
display_device,m568.off,328,624,0.34156670390831656
lamp,m622.off,280,528,0.010216034196705612
lamp,m623.off,401,720,0.035485810825328014
fireplace,m1802.off,205,348,0.333248261604987
building,m390.off,174,270,0.4054489402873738
handheld,m1792.off,398,792,0.08319425505870008
cabinet,m958.off,334,648,0.31548279886687186
seat,m782.off,166,276,0.09177076229485934
building,m392.off,196,480,0.22276222870449705
building,m423.off,164,288,0.09073696202778503
display_device,m556.off,504,984,0.471882351465
seat,m783.off,358,720,0.10368040640016353
shelves,m860.off,266,504,0.19339129237678376
helicopter,m1331.off,195,306,0.09921839751705426
table,m874.off,316,528,0.1155562694746167
table,m915.off,190,360,0.27596780374999996
table,m903.off,198,360,0.041259667942394274
table,m917.off,526,1032,0.23137402555421763
table,m877.off,266,504,0.29453268000000005
table,m888.off,186,360,0.2411367187499999
gun,m651.off,438,780,0.11468525016824538
table,m876.off,190,312,0.47899819175173464
liquid_container,m533.off,198,408,0.23895548165361852
table,m916.off,190,360,0.8184032450000001
table,m912.off,186,360,0.21434374999999994
underwater_creature,m59.off,255,10080,0.022475140255564637
plant,m1082.off,432,840,0.09606006546789937
sign,m1684.off,234,456,0.06902600944449998
sea_vessel,m1450.off,465,936,0.12809119360605448
shelves,m867.off,342,648,0.08356377551200002
plant,m1097.off,130,186,0.000968497068043287
table,m911.off,201,372,0.20469828124999997
table,m905.off,237,408,0.660274013888889
table,m871.off,429,1104,0.36201482566002796
shelves,m858.off,142,168,0.03334236111111111
table,m870.off,278,552,0.21552611222235
building,m455.off,250,420,0.31492199149218325
door,m1719.off,368,588,0.023072269558886065
